M_mean,M_variance,M_skewness,M_kurtosis,P_mean,P_variance,P_skewness,P_kurtosis,MFCC_Mean,MFCC_Variance,Delta_Mean,Delta_Variance,DoubleDelta_Mean,DoubleDelta_Variance,Class
0.017336484,0.001079676,3.151662827,12.43979263,0.00138023,2.59E-05,7.735034466,88.19878387,-19.3152771,18746.23438,0.125808075,15.25110912,0.006394565,5.190896034,Human
0.03738888,0.001879847,1.557260871,2.894830704,0.003277774,4.68E-05,5.242305279,57.83294678,-13.39957905,14715.07324,0.008948218,21.87188911,-0.001862329,5.747365952,Human
0.02672161,0.002121988,3.585377216,20.13388252,0.002836032,0.000143186,13.81169605,313.1247559,-18.9369278,13652.76074,-0.009834806,25.85492134,0.00420096,5.507077694,Human
0.026815519,0.001451221,1.716538906,2.850106716,0.002170293,2.46E-05,4.313911438,28.19189835,-19.31885719,19614.11719,0.158203617,10.43910313,-0.009886592,2.060750008,Human
0.03662622,0.007428081,3.952234268,20.3409996,0.008769562,0.001643243,9.828795433,133.1359711,-18.85593224,16169.56641,0.003155179,18.33046341,-0.008073717,4.239438534,Human
0.059801292,0.015308645,3.030705929,11.06555748,0.018884836,0.004654114,6.858011723,61.14646149,-20.34098625,12664.97656,0.113257319,20.3959446,-0.00766461,2.816554546,Human
0.002008512,5.64E-06,2.304688931,8.588439941,9.67E-06,6.76E-10,8.28955555,109.6719742,-32.55793381,33646.58203,0.3093566,9.37005806,-0.015815772,1.132966161,Human
0.003678162,2.14E-05,2.348468304,8.108462334,3.50E-05,9.23E-09,7.666719913,100.1583099,-28.81578827,25678.64063,0.146038204,20.45209503,-0.003427358,4.517541409,AI
0.002381646,1.25E-05,3.635324001,20.01230431,1.82E-05,5.26E-09,11.21196747,189.6371918,-29.71959877,27170.57617,0.194444954,25.21826172,-0.008693651,5.878982544,AI
0.030347804,0.002956748,3.960895061,21.34326553,0.003877737,0.000292272,9.745581627,132.7149353,-21.76281929,11613.75293,0.005433443,44.60416412,-0.011369252,12.25864887,AI
0.046056136,0.009686691,3.276969671,12.0328846,0.01180786,0.001974472,6.035318375,44.27941513,-22.24424744,14382.31934,-0.034178503,21.33505821,-0.014996751,3.074192524,AI
0.023021443,0.003573807,5.140013218,34.03053665,0.004103793,0.000568885,11.38951111,167.98703,-21.59766388,14516.00098,0.003563324,26.92791748,-0.008350742,5.476123333,AI
0.054570723,0.008816702,3.234524488,13.87802124,0.011794666,0.001923796,7.914219856,83.05180359,-15.73317528,10537.46191,-0.005447365,25.6661129,-0.004338545,5.399018288,AI
0.070718132,0.009773102,2.713605642,10.80446339,0.014774155,0.002160131,7.992391109,90.1807251,-16.7775898,11168.68652,0.078752905,55.44009399,-0.005879026,14.66147041,AI
0.026815519,0.001451221,1.716538906,2.850106716,0.002170293,2.46E-05,4.313911438,28.19189835,-19.31885719,19614.11719,0.158203617,10.43910313,-0.009886592,2.060750008,Human
0.03662622,0.007428081,3.952234268,20.3409996,0.008769562,0.001643243,9.828795433,133.1359711,-18.85593224,16169.56641,0.003155179,18.33046341,-0.008073717,4.239438534,Human
0.059801292,0.015308645,3.030705929,11.06555748,0.018884836,0.004654114,6.858011723,61.14646149,-20.34098625,12664.97656,0.113257319,20.3959446,-0.00766461,2.816554546,Human
0.002008512,5.64E-06,2.304688931,8.588439941,9.67E-06,6.76E-10,8.28955555,109.6719742,-32.55793381,33646.58203,0.3093566,9.37005806,-0.015815772,1.132966161,Human
0.003678162,2.14E-05,2.348468304,8.108462334,3.50E-05,9.23E-09,7.666719913,100.1583099,-28.81578827,25678.64063,0.146038204,20.45209503,-0.003427358,4.517541409,AI
0.002381646,1.25E-05,3.635324001,20.01230431,1.82E-05,5.26E-09,11.21196747,189.6371918,-29.71959877,27170.57617,0.194444954,25.21826172,-0.008693651,5.878982544,AI
0.03662622,0.007428081,3.952234268,20.3409996,0.008769562,0.001643243,9.828795433,133.1359711,-18.85593224,16169.56641,0.003155179,18.33046341,-0.008073717,4.239438534,Human
0.059801292,0.015308645,3.030705929,11.06555748,0.018884836,0.004654114,6.858011723,61.14646149,-20.34098625,12664.97656,0.113257319,20.3959446,-0.00766461,2.816554546,Human
0.002008512,5.64E-06,2.304688931,8.588439941,9.67E-06,6.76E-10,8.28955555,109.6719742,-32.55793381,33646.58203,0.3093566,9.37005806,-0.015815772,1.132966161,Human
0.003678162,2.14E-05,2.348468304,8.108462334,3.50E-05,9.23E-09,7.666719913,100.1583099,-28.81578827,25678.64063,0.146038204,20.45209503,-0.003427358,4.517541409,AI
0.002381646,1.25E-05,3.635324001,20.01230431,1.82E-05,5.26E-09,11.21196747,189.6371918,-29.71959877,27170.57617,0.194444954,25.21826172,-0.008693651,5.878982544,AI
0.017336484,0.001079676,3.151662827,12.43979263,0.00138023,2.59E-05,7.735034466,88.19878387,-19.3152771,18746.23438,0.125808075,15.25110912,0.006394565,5.190896034,Human
0.03738888,0.001879847,1.557260871,2.894830704,0.003277774,4.68E-05,5.242305279,57.83294678,-13.39957905,14715.07324,0.008948218,21.87188911,-0.001862329,5.747365952,Human
0.02672161,0.002121988,3.585377216,20.13388252,0.002836032,0.000143186,13.81169605,313.1247559,-18.9369278,13652.76074,-0.009834806,25.85492134,0.00420096,5.507077694,Human
0.026815519,0.001451221,1.716538906,2.850106716,0.002170293,2.46E-05,4.313911438,28.19189835,-19.31885719,19614.11719,0.158203617,10.43910313,-0.009886592,2.060750008,Human
0.03662622,0.007428081,3.952234268,20.3409996,0.008769562,0.001643243,9.828795433,133.1359711,-18.85593224,16169.56641,0.003155179,18.33046341,-0.008073717,4.239438534,Human
0.059801292,0.015308645,3.030705929,11.06555748,0.018884836,0.004654114,6.858011723,61.14646149,-20.34098625,12664.97656,0.113257319,20.3959446,-0.00766461,2.816554546,Human
0.002008512,5.64E-06,2.304688931,8.588439941,9.67E-06,6.76E-10,8.28955555,109.6719742,-32.55793381,33646.58203,0.3093566,9.37005806,-0.015815772,1.132966161,Human
0.003678162,2.14E-05,2.348468304,8.108462334,3.50E-05,9.23E-09,7.666719913,100.1583099,-28.81578827,25678.64063,0.146038204,20.45209503,-0.003427358,4.517541409,AI
0.002381646,1.25E-05,3.635324001,20.01230431,1.82E-05,5.26E-09,11.21196747,189.6371918,-29.71959877,27170.57617,0.194444954,25.21826172,-0.008693651,5.878982544,AI
0.030347804,0.002956748,3.960895061,21.34326553,0.003877737,0.000292272,9.745581627,132.7149353,-21.76281929,11613.75293,0.005433443,44.60416412,-0.011369252,12.25864887,AI
0.046056136,0.009686691,3.276969671,12.0328846,0.01180786,0.001974472,6.035318375,44.27941513,-22.24424744,14382.31934,-0.034178503,21.33505821,-0.014996751,3.074192524,AI
0.023021443,0.003573807,5.140013218,34.03053665,0.004103793,0.000568885,11.38951111,167.98703,-21.59766388,14516.00098,0.003563324,26.92791748,-0.008350742,5.476123333,AI
0.023021443,0.003573807,5.140013218,34.03053665,0.004103793,0.000568885,11.38951111,167.98703,-21.59766388,14516.00098,0.003563324,26.92791748,-0.008350742,5.476123333,AI
0.054570723,0.008816702,3.234524488,13.87802124,0.011794666,0.001923796,7.914219856,83.05180359,-15.73317528,10537.46191,-0.005447365,25.6661129,-0.004338545,5.399018288,AI
0.070718132,0.009773102,2.713605642,10.80446339,0.014774155,0.002160131,7.992391109,90.1807251,-16.7775898,11168.68652,0.078752905,55.44009399,-0.005879026,14.66147041,AI
0.026815519,0.001451221,1.716538906,2.850106716,0.002170293,2.46E-05,4.313911438,28.19189835,-19.31885719,19614.11719,0.158203617,10.43910313,-0.009886592,2.060750008,Human
0.03662622,0.007428081,3.952234268,20.3409996,0.008769562,0.001643243,9.828795433,133.1359711,-18.85593224,16169.56641,0.003155179,18.33046341,-0.008073717,4.239438534,Human
0.059801292,0.015308645,3.030705929,11.06555748,0.018884836,0.004654114,6.858011723,61.14646149,-20.34098625,12664.97656,0.113257319,20.3959446,-0.00766461,2.816554546,Human
0.002008512,5.64E-06,2.304688931,8.588439941,9.67E-06,6.76E-10,8.28955555,109.6719742,-32.55793381,33646.58203,0.3093566,9.37005806,-0.015815772,1.132966161,Human
0.003678162,2.14E-05,2.348468304,8.108462334,3.50E-05,9.23E-09,7.666719913,100.1583099,-28.81578827,25678.64063,0.146038204,20.45209503,-0.003427358,4.517541409,AI
0.002381646,1.25E-05,3.635324001,20.01230431,1.82E-05,5.26E-09,11.21196747,189.6371918,-29.71959877,27170.57617,0.194444954,25.21826172,-0.008693651,5.878982544,AI
0.03662622,0.007428081,3.952234268,20.3409996,0.008769562,0.001643243,9.828795433,133.1359711,-18.85593224,16169.56641,0.003155179,18.33046341,-0.008073717,4.239438534,Human
0.059801292,0.015308645,3.030705929,11.06555748,0.018884836,0.004654114,6.858011723,61.14646149,-20.34098625,12664.97656,0.113257319,20.3959446,-0.00766461,2.816554546,Human
-0.179549723,-0.107892903,0.499106012,0.572249836,-0.021948447,-3.125413122,5.288815303,6.395096402,0.733728167,-0.206590916,0.451123038,0.237792981,-0.169826459,0.201502591,AI
0.210095782,0.428336902,-0.173499473,-0.201684672,-1.090690958,-0.801045798,1.230586373,0.617896514,0.521495877,-0.196945335,0.462261099,0.353109144,-0.075623247,0.387985268,AI
0.130010735,0.366970372,-0.006191304,-0.062233801,0.393605717,-0.08365422,0.134300946,-0.240083429,0.579933342,-0.088822639,0.291146731,0.711237022,-0.84993269,0.698772345,AI
0.170589839,0.530995734,-0.111624436,-0.175359368,1.261846198,-0.999468764,-4.071940942,1.720384088,-0.733836493,1.546277855,0.500005073,0.601276367,-1.552011788,0.377636241,AI
1.492586837,0.995478015,-0.651575942,-0.427702578,-0.582817157,0.56826387,0.016418731,-0.732851955,0.12391171,0.072782715,0.477112167,0.467710335,-1.587440549,0.230112501,AI
1.836064819,1.596930003,-0.648840862,-0.427627733,-0.551906441,0.925633954,0.275925651,-0.483828167,-0.497080414,0.76252697,-0.441911867,0.235747749,-1.625827107,0.03674122,AI
0.12447833,0.373259682,-0.087468563,-0.121291229,-0.865248519,0.107943091,0.081600956,0.011013404,0.088717455,0.569976183,0.530436005,0.417258328,-0.886776703,0.277858328,AI
0.474894337,0.441635961,-0.355983532,-0.288709067,0.43475442,0.635241449,-0.506110176,-0.080647182,-0.370412145,0.81485852,-0.892258013,0.413316064,-0.481239127,0.447181156,AI
-0.012429201,-0.076845061,-0.047013779,-0.066859433,-1.293574726,-0.521348443,1.605863238,-0.027605638,0.353944738,0.202473612,0.480435769,1.023984503,-1.600198652,0.841160232,AI
0.228709902,-0.202936295,-0.260375315,-0.139940941,0.755025985,-0.302858329,0.080454088,-0.031497471,0.429021415,-0.174571509,0.458506388,0.305581605,-0.245815381,0.19183188,AI
0.167120799,-0.055630621,-0.227984888,-0.185388943,0.083205239,-1.091404682,-0.015678311,1.649207012,-0.120369309,0.254470388,0.155989742,0.261007953,-0.258098647,0.30285551,AI
0.241537959,0.325288075,-0.240538657,-0.205252623,0.168468752,-0.676987403,-0.327665969,0.568533256,0.529421115,-0.036956899,0.375603451,0.611693042,-0.275351692,0.652283496,AI
-0.174603212,-0.115995656,0.351266734,0.368249976,-1.099988509,0.18683856,1.072505986,-0.130392791,-0.193743407,0.718356351,-0.985924466,0.175786811,-0.636273129,0,AI
-0.174603212,-0.115995656,0.351266734,0.368249976,-1.099988509,0.18683856,1.072505986,-0.130392791,-0.193743407,0.718356351,-0.985924466,0.175786811,-0.636273129,0,AI
0.140352039,0.176240133,-0.051296256,-0.070398676,0.275208207,-0.164324793,-0.238734491,-0.21299547,0.239889835,0.090505403,-0.033697808,1.139123944,-0.754588481,1.287941997,AI
-0.003823539,-0.239348933,-0.004812354,0.077245068,0.213743566,-0.419370601,0.340341017,0.196931675,0.21471684,-0.227481792,0.290454368,0.438084214,0.17932628,0.29357858,AI
1.046463765,1.299773156,-0.477649101,-0.365197031,-0.010699457,-0.448296233,0.213776501,0.66030916,0.100144447,0.100998093,0,0.852778049,-0.873730072,0.723628197,AI
0.935196539,1.133035983,-0.49068824,-0.371270261,-0.523919712,0.337700368,-0.128115328,-0.255797741,0.620906309,-0.108471952,0.267289821,0.580187233,-1.411806115,0.524641735,AI
1.852791646,1.947121133,-0.658421198,-0.435411674,0.264049106,-0.167926001,-0.346886293,0.170304581,0.152288145,-0.13515246,0.428043499,0.268753316,-0.132972031,0.030655051,AI
1.126568138,1.560109939,-0.462509954,-0.354805642,-0.739608358,0.112331669,0.622161521,-0.088406158,0.871812753,-0.246528244,0.313794043,0.329290283,-0.553814316,0.492367214,AI
-0.340362666,-0.399036414,0.746389784,0.89910509,0.693481781,-0.842302315,-3.431879541,2.49413433,0.902266287,-0.335766047,0.404063551,0.043459121,-0.142412834,0.035469526,AI
0.064299388,-0.062318642,0.082971828,0.122811007,0.046627342,0.378343526,0.293555297,-0.32937107,0.638644935,-0.255783008,0.320600236,0.092121281,0.116453035,0.09276776,AI
0.366211024,0.161574274,-0.383406451,-0.289231692,-1.286042099,-0.846552887,0.840683665,0.224788846,0.554108909,-0.10960205,0.317275196,0.486697124,-0.634061339,0.542640249,AI
0.074234774,-0.263128482,-0.002334313,0.163730852,-0.771647951,0.279037995,-0.85282083,-0.528906254,0.473801304,-0.071795633,0.547294816,0.596930873,-0.639932188,0.467408262,AI
0.385036852,0.021890577,-0.350776216,-0.238106415,0.308196607,0.093687965,-0.69886821,0.065683154,0.639643638,-0.196080616,0.444525848,0.468180098,-0.495284806,0.593728416,AI
0.793541439,1.216325772,-0.38879508,-0.325763235,1.311788631,0.118864274,-2.458974146,-0.36587962,0.167547733,0.067609245,0.525121917,0.72340629,-0.292577349,0.878036109,AI
0.187341641,0.12888729,-0.190556974,-0.180017724,-1.025107796,0.128744452,0.872866691,-0.51864095,0.183385054,0.138826988,0.322379322,0.849992145,-0.941789876,0.738836434,AI
0.06066895,-0.193739086,-0.114725573,-0.05663249,-0.715047525,1.506042544,0.084624749,-0.953566936,0.062143177,-0.000465037,-0.560480407,0.219237583,-0.440716382,0.138636066,AI
-0.162856898,0.148132144,0.356880108,0.227315111,-1.773644631,-1.051784469,1.924781075,0.81599914,-0.035543514,0.638187423,0.451525385,0.841604828,-1.447411156,0.747447898,AI
1.726716063,1.480844293,-0.664069684,-0.432182933,0.416097412,0.211544401,-0.475796117,-0.742675821,0.021746631,-0.127073225,0.393208954,0.30337808,-0.139043075,0.136722403,AI
-0.202948071,0.103890549,0.27528122,0.157435929,0.583149919,-0.436795653,-0.530199177,-0.076031864,0.878968005,-0.175616315,0.457038091,0.34092907,-0.364698916,0.275252157,AI
0.032174766,-0.080053626,-0.241600671,-0.212016747,-1.394848129,0.001667426,1.574077738,0.152296664,-0.012010425,-0.051537497,0.047515044,-0.117461244,0.222335456,-0.165953287,Human
-0.365538714,-0.427655681,1.267503722,1.856507652,-0.074670589,-0.267098637,0.423185551,0.181985136,-2.609193032,1.109191723,-0.133258542,-0.389861326,0.25249974,-0.51755986,Human
-0.171889743,-0.381114784,0.066509669,0.190793816,-0.22657256,0.518604347,-0.103242522,-0.036041792,1.503156133,-0.859715926,-0.629518331,-0.365803069,0.161763106,-0.51461152,Human
-0.231255522,-0.349992865,0.181488421,0.240006689,-0.595602945,0.180092528,-0.169267737,-0.043258776,-0.972865843,0.175703111,0.1049814,-0.40682137,0.257022068,-0.486243391,Human
-0.369488071,-0.341670059,0.698341049,0.701670899,0.664984973,-1.206272133,-5.049557418,1.88760072,-0.018550155,0.192030875,0.342725039,-0.085122198,0.193251224,0.016151033,Human
-0.066214009,-0.13697116,0.074930695,0.037345536,-0.628660639,-0.290255749,-0.427906194,0.191221754,-1.780401718,0.312191864,-0.230074267,-0.343766058,0.225768476,-0.448525928,Human
0.711124779,1.036884337,-0.438668386,-0.346219632,-1.875256257,-1.877676726,4.547812877,2.892803754,-0.75620113,-0.03088547,0.375443184,-0.128869153,0.203936015,-0.183047584,Human
-0.50379837,-0.459232958,2.318376212,3.796001353,-0.409657958,0.306783821,-1.005741775,-0.545973544,-1.648455043,0.958907561,-0.255942756,-0.216207654,0.242509267,-0.226493575,Human
-0.312931758,-0.36571251,0.809424735,1.099000877,0.169762576,0.664719898,0.268510078,-0.751450902,-0.951723337,0.301115825,-0.196974388,-0.240212732,0.202315938,-0.324035416,Human
-0.371117304,-0.527363766,0.29038194,0.526967967,-1.916382177,-1.068022446,1.133772084,-0.168562432,-0.40210599,0.154528224,0.131019744,-0.162078774,0.191091122,-0.21691572,Human
-0.23059617,-0.194131986,0.294786146,0.263524755,-0.811566315,-0.123383475,0.439552219,0.061882343,1.991313923,-0.924295385,-0.037622535,-0.347854053,0.169136769,-0.472487428,Human
0.053382795,0.167485209,-0.03401984,-0.054162877,0.149537382,0.424873674,0.921312474,-1.144411628,-0.652261433,0.27202744,-0.373598584,-0.433595504,0.26697821,-0.555265355,Human
-0.336710271,-0.021050308,0.59412257,0.435630074,0.119893216,0.224089393,-0.423298108,-0.215322449,-1.394283458,0.862196134,0.160692479,-0.245111256,0.280864581,-0.285719426,Human
-0.356156022,-0.429921576,0.547051633,0.714507273,-2.27197795,-1.711757656,5.374424396,2.666993337,-1.585511838,0.869572589,0.138539234,-0.234723714,0.179557719,-0.206655063,Human
-0.571010863,-0.61978177,5.02016572,22.19685625,-2.327290867,-0.928250495,2.089369262,0.258586804,-1.583666917,0.818886284,0.147314661,-0.110315793,0.000965874,-0.218762533,Human
0.217481506,0.408996909,-0.306747716,-0.280576795,-0.743599315,0.175414764,0,-0.243857714,-0.42455545,-0.000114816,0.278818086,-0.274162748,0.187580956,-0.296534473,Human
-0.342935477,-0.247504702,0.696237053,0.655714594,0.184957883,0.516121836,-0.095479242,-0.980165472,-1.346500753,0.409261033,-0.786073565,-0.245526793,0.228044298,-0.291688543,Human
-0.35160834,-0.448074153,0.80010109,1.252705402,-2.399080112,-1.669847005,6.461035893,3.149994815,0.011593088,-0.546906494,-0.273167483,-0.419910501,0.243319306,-0.492970412,Human
0.12340121,0.067168528,-0.097855263,-0.109238134,-1.305575538,-1.059847176,2.180314828,1.19349367,-1.617257491,0.552560073,-0.321021599,0.29523478,0.115150802,0.410088538,Human
-0.379627828,-0.461873597,0.492426112,0.569833355,-1.306603676,-0.611665891,2.136236793,1.10005449,0.027807805,0.011497227,-0.368119115,-0.374200419,0.055257341,-0.470588486,Human
-0.51781613,-0.582452606,2.013344456,4.900550319,0.187481654,0.264013559,-0.614971438,-0.485727222,-0.04673952,-0.005531416,-0.157495909,-0.423031199,0.173065069,-0.545054147,Human
-0.403401441,-0.521680873,1.038829728,1.968682619,-0.940803475,-0.175465763,-0.865152773,-0.560393436,-2.01803029,2.628883479,-0.526400225,0.646053116,-0.296304682,0.97247797,Human
-0.290980673,-0.206539939,0.581477566,0.547924443,-0.008523946,0.349167326,-0.029148739,-0.30789201,-2.566737457,1.243108976,-0.514847193,-0.367963287,0.258898656,-0.450556202,Human
0.33872028,0.547092301,-0.241765002,-0.250577769,-0.682415423,0.284766534,-0.743777186,-0.457455656,-0.908931107,0.317337966,0.041311733,-0.158208251,0.215627568,-0.23422533,Human
-0.211123754,-0.438553764,0.494050848,0.703385904,0.284509234,0.113855523,1.553734186,-1.309831386,0.684899451,-0.42746717,-0.250083789,-0.335816103,0.282738469,-0.422850278,Human
-0.466689968,-0.411435651,1.029627348,0.984182208,1.217147685,-1.943511414,-2.222610635,2.14398171,0.501210962,-0.146884491,-0.105003451,-0.270264431,0.168462509,-0.353158738,Human
-0.413451237,-0.467252192,1.130369605,1.761812881,0.233701481,0.333970014,0.028658384,-0.955871728,0.097731555,-0.145363089,-0.672553543,0.048680912,0.238999101,-0.013068484,Human
-0.327644976,-0.429726942,1.327808011,2.054761134,0.114065984,0.462988774,-0.258271398,-0.551326423,-1.636097318,0.544858975,-0.169246759,-0.279482508,0.188005261,-0.329314932,Human
-0.082790625,-0.124364215,0.12992018,0.123568219,0.118448002,0.136322834,-0.444602231,0.019399508,0.356320813,-0.36496963,0.267421966,-0.208462174,0.16183331,-0.201882438,Human
-0.228227951,-0.316981247,0.292469144,0.345755184,0.985284318,-0.113959794,-4.339302318,0.092697876,-1.453291856,1.505778881,-0.280385771,0,0,0.21153102,Human
-0.204623877,0.051031291,0.31623257,0.202466037,-0.203943989,0.801989121,-0.23961011,-0.507309361,-1.601010998,0.420012238,-0.654773391,-0.39284584,0.237031865,-0.469246917,Human
-0.531314864,-0.606200926,3.076836124,11.79587057,0.444896073,-1.656079726,-2.279548541,3.859546142,-0.145301815,-0.161718991,-0.131798554,-0.229277228,0.081724764,-0.196222918,Human
0.810110967,0.687361355,-0.225240762,-0.223190144,-0.290468867,0.667305884,0.63631009,-0.321450297,-0.631345389,-0.269172728,-0.497639244,-0.490766335,0.14628096,-0.580590035,Human
-0.146779234,-0.156730924,0.00132985,-0.022108776,-0.714556667,0.143821251,-0.051090696,-0.008379848,-3.009828301,1.856641434,0.355357922,0.145325069,0.045815766,0.31002176,Human
-0.227505801,-0.322691011,0.203338719,0.226773378,0.486862791,0.632563232,0.513818037,-1.167935916,-1.392464327,0.722968026,-0.358651803,-0.135372633,0.102258078,-0.136288874,Human
-0.331730783,-0.418072108,0.636848377,0.883433036,-0.433523299,0.64661027,-0.411339576,-0.486905544,-1.865066132,0.599424327,-0.319769815,-0.399433938,0.228391457,-0.462499373,Human
-0.40272099,-0.530428534,0.679926803,1.115091451,-0.140560238,-0.166935541,0.812608431,0.168812175,-3.750710915,2.393838606,-0.476799621,-0.134827087,0.261051815,0.087089139,Human
-0.335011899,-0.352103342,0.915616767,1.169264812,-0.013009063,0.11145468,0.129271643,0.115912175,-2.667680098,1.128634105,0.108689453,-0.132654809,0.251882568,-0.206353727,Human
-0.463691249,-0.482544077,1.037177245,1.324539318,-0.262444261,0.477242651,0.99767347,-0.881097276,-0.617828767,0.335246736,0.065845029,-0.351570098,0.418242834,-0.438947005,Human
-0.464131804,-0.561246155,2.017466329,4.613818549,0.179673711,0.067066629,-0.149663279,-0.186705535,-4.190559208,1.952043598,-0.540874192,-0.519065159,0.149681964,-0.599033108,Human
0.752083606,0.981857228,-0.468115799,-0.36328332,-0.621465235,-0.05657491,-0.449118078,-0.057915277,-2.703205246,1.430026935,-0.237293195,-0.271192065,0.072262746,-0.357538538,Human
5.429769434,5.047545662,-0.882527387,-0.494488159,0.406936549,-3.177149204,-8.422125633,9.569048776,0.45485329,-0.632140043,-0.725898313,-0.506489615,0.160081312,-0.580462939,Human
5.69858881,6.887994716,-0.892580992,-0.498963543,0.599082071,0.43402441,-1.209368251,-1.11354335,0.428962331,-0.592910758,-0.628178025,-0.527470983,0.200773008,-0.595455554,Human
6.165505438,6.240449925,-0.894416751,-0.496392027,-0.731201475,-0.319817342,0.704878124,0.073957215,0.339296962,-0.623631119,-0.609695282,-0.523468419,0.272951278,-0.596037563,Human
8.005356637,7.063754798,-0.962455,-0.50394716,-1.132128318,-0.343546694,-0.487222856,0.103811112,0.29103461,-0.600795981,-0.770944145,-0.524322994,0.213193595,-0.58671635,Human
6.957029558,8.249679815,-0.938285835,-0.503546158,-0.980807109,-0.077800738,0.74146873,-0.201062381,0.410220351,-0.587749887,-0.765834107,-0.534249951,0.162812299,-0.599716811,Human
6.459032368,6.750771548,-0.905005331,-0.49942929,0.660922652,-2.020137912,-6.346625586,2.959433535,0.422765162,-0.581844338,-0.653906539,-0.535805567,0.197610001,-0.596805992,Human
8.967189888,10.0144124,-0.972793316,-0.506299349,0.370483,-0.589854306,-0.202218492,0.5882989,0.387188364,-0.560723714,-0.705749616,-0.522000061,0.206713289,-0.581134279,Human
6.205635236,7.493009678,-0.920293465,-0.502276386,-0.543698992,0.249679038,0.07407597,-0.091416423,0.369390128,-0.576396529,-0.782798698,-0.548519658,0.213926487,-0.61726808,Human
5.588628465,5.434805233,-0.875189429,-0.493335062,-0.574228062,0.263005039,0.296383609,0.342959984,0.448337931,-0.584057921,-0.842425555,-0.52929512,0.284803681,-0.596302312,Human
7.70365059,8.543334693,-0.938279615,-0.502894588,-0.028011758,0.187036538,0.377027448,-0.397541089,0.225386656,-0.561337087,-0.564164652,-0.542038091,0.234408884,-0.602821754,Human
7.056737923,8.650800562,-0.881983175,-0.497209436,0.01503049,0,0.026628874,0.12588144,0.354538933,-0.561379399,-0.747789825,-0.55329321,0.200965874,-0.613797704,Human
7.365354861,7.483457334,-0.916014985,-0.499514291,-0.80462136,0.334813041,0.416173479,-0.411950737,0.157342203,-0.530027457,-0.767145811,-0.54691563,0.215083685,-0.600617704,Human
5.597994432,5.265602447,-0.867308125,-0.490581303,0.505670132,-0.700500716,-1.438192139,1.157549293,0.395559048,-0.592677085,-0.763652674,-0.526425296,0.17921056,-0.596585553,Human
6.240471112,8.453395374,-0.898838922,-0.500612434,-1.177190734,-2.13728467,4.087608939,2.924095361,0.378297991,-0.534628162,-0.654807267,-0.524486562,0.193366943,-0.59072781,Human
7.613188576,8.66502123,-0.926515985,-0.501638896,0.700504054,-0.869377422,-3.525611802,2.114170515,0.426220411,-0.59355456,-0.915155713,-0.520021054,0.172456383,-0.585291519,Human
6.163914276,7.37546784,-0.851838755,-0.491362986,-0.664582339,0.288938505,-0.088048115,-0.534240671,0.554097402,-0.58241823,-0.807952932,-0.539065801,0.175816114,-0.599500767,Human
6.444685417,6.174474623,-0.930074513,-0.499870554,-0.606813639,0.035282181,-0.095248512,-0.033897147,0.25926712,-0.595204117,-0.759434096,-0.510238582,0.14755272,-0.563811929,Human
4.711272886,5.892918316,-0.79045361,-0.481585934,-0.109795248,0.664983074,0.512708513,-0.40992918,0.48568545,-0.603948816,-0.669022216,-0.528439096,0.240156299,-0.602870513,Human
7.03727387,7.413390349,-0.913927464,-0.5000084,-0.533344565,0.646967381,0.468811157,-0.384581709,0.169104425,-0.571051217,-0.613264639,-0.546499346,0.213016158,-0.611178987,Human
7.787632412,7.427850679,-0.98376823,-0.506332516,-1.998304629,-2.048201776,3.744657994,1.50536481,0.481989912,-0.565179764,-0.940877675,-0.508485352,0.230512986,-0.565828297,Human
5.249213307,5.201625053,-0.844714787,-0.488942131,-1.265759968,-0.945452239,1.346152356,1.36087873,0.278441291,-0.551855227,-0.859765649,-0.530639961,0.197918587,-0.602315216,Human
7.283504186,6.984959034,-0.951834356,-0.502548536,0.154929144,0.49931355,-0.456246898,-0.36204448,0.332466664,-0.584374647,-0.80818878,-0.525662201,0.229702947,-0.592092946,Human
7.314562597,8.331577386,-0.916273641,-0.50084328,-0.609604269,0.054710756,-0.072875909,0.023636444,0.435692176,-0.588406678,-0.687460218,-0.548879787,0.208333365,-0.612668512,Human
6.368614324,7.645210991,-0.93144567,-0.503839884,0.077020419,0.12024558,0.06760273,-0.138820129,0.3642777,-0.615385694,-0.731457996,-0.515959397,0.225807049,-0.584738135,Human
7.807611448,10.19408115,-0.92106907,-0.502175031,0.061116627,0.073784605,-0.129470169,-0.136805932,0.61131561,-0.623525413,-0.753154885,-0.550690743,0.210377748,-0.617411593,Human
7.613264056,7.890482479,-0.971105024,-0.505848885,0.118070832,0.420229189,0.012533251,-0.36764308,0.389729755,-0.589016041,-0.84174198,-0.53178086,0.144257021,-0.592828805,Human
7.183138489,9.546717194,-0.938936713,-0.503888197,-0.574434636,0.339669248,-0.822415252,-0.641790572,0.317670304,-0.593248907,-0.771668307,-0.536336676,0.19830432,-0.589289616,Human
6.488529162,6.998696747,-0.913573053,-0.500997843,-1.357950636,-1.006446395,2.042436245,1.500995532,0.325931531,-0.585528845,-0.575178398,-0.513693297,0.184996548,-0.564067266,Human
7.071460417,9.160435153,-0.914628577,-0.501360606,-0.501463663,0.366837267,0.151743821,-0.195361793,0.54420811,-0.630030715,-0.614123183,-0.509470549,0.222605469,-0.555841141,Human
5.408169747,5.973243559,-0.860399066,-0.494450067,-1.122179409,-1.457842585,2.597688074,-0.232007514,0.263437521,-0.569991393,-0.937191673,-0.534118091,0.235604655,-0.597436453,Human
4.779485109,5.037212601,-0.815909396,-0.485016088,-0.9943955,-3.320293035,-0.022561683,11.37293351,0.403921711,-0.598625641,-0.642507862,-0.522015305,0.245170822,-0.588728685,Human
5.558997879,6.549028479,-0.832237469,-0.490411762,1.234168273,-2.925218915,-7.270697839,4.872192237,0.305728426,-0.545672837,-0.919869475,-0.560257291,0.158796823,-0.633697237,Human
6.953243426,7.675435994,-0.944020366,-0.502671437,0.11017885,0.21272716,-0.467609361,-0.144071339,0.231644259,-0.565469698,-0.749967423,-0.531713265,0.172951278,-0.59824912,Human
4.605840952,5.241796753,-0.810044654,-0.486431845,-1.154744535,-3.267303999,-5.517466582,7.811971784,0.423277832,-0.569154229,-0.874026298,-0.548174513,0.249722465,-0.624936562,Human
-0.465161161,-0.537381635,1.719373772,3.324517652,-1.942825359,-1.446784419,4.126838401,1.271193536,-0.193793711,-0.114641183,0.068694698,-0.4856444,0.207253314,-0.52102236,Human
-0.555194137,-0.61767565,3.487341545,15.05820693,0.028857206,0.379198025,-0.271692646,-0.32903361,0.561271496,-0.237289407,-0.868075773,-0.498483539,0.142232697,-0.530690701,Human
-0.377261298,-0.390289479,0.875263504,1.159385167,-2.472454241,-2.831985744,10.70054689,8.188856572,-0.384523695,-0.030989432,-0.56836022,-0.489287852,0.21398589,-0.519314837,Human
-0.4734028,-0.54302749,1.445511403,2.762608977,0.063059593,0.289413744,0.246690223,-0.491057436,-0.491616984,0.108308974,-0.698009937,-0.524160845,0.185652293,-0.578224324,Human
-0.403192474,-0.516517973,0.90554638,1.579638937,-1.199926822,-0.463198792,1.723081196,0.777095805,0.53588009,-0.246082544,-0.95289729,-0.461277076,0.143862031,-0.487755259,Human
-0.506004914,-0.585430224,1.895919964,4.683171976,-0.589905261,0.345811916,-0.026485636,-0.34804533,0.422086403,-0.301011038,-0.490223936,-0.464269882,0.222374029,-0.489002841,Human
-0.261136165,-0.222643043,0.538761854,0.602761235,-0.146618697,0.349930162,0.524131012,-0.183157407,0.376111517,-0.194268229,-0.755699039,-0.474187018,0.223376934,-0.513988717,Human
-0.442503516,-0.515341451,0.950663733,1.396563853,0.299747285,0.616118076,-0.290418472,-0.805478122,0.450487091,-0.22294803,-1.062990166,-0.46648687,0.221872577,-0.486821307,Human
-0.416575469,-0.48300234,0.869711754,1.229453492,-0.743794795,-0.092524061,0.620936837,0.21205523,0.094717422,-0.158290274,-0.57121724,-0.409951729,0.090605484,-0.408213311,Human
0.223760677,0.381377686,-0.263913561,-0.250977709,-0.712013863,0.421443411,0.714345965,0.017020739,0.588504167,-0.350373215,-0.785695185,-0.429627059,0.165744637,-0.453333219,Human
-0.514691732,-0.548132289,3.721790635,9.482619366,-2.397315592,-1.281750742,5.114098668,1.57324884,0.645004546,-0.531705438,-0.797459937,-0.532865278,0.195604192,-0.560550266,Human
-0.197931507,-0.22227193,0.238256382,0.263691632,-1.245356039,-0.190189199,1.624282288,0.388266097,0.496393464,-0.40305891,-0.434335013,-0.453827077,0.224225546,-0.491850654,Human
-0.326019702,-0.448820736,0.216113658,0.306954757,-0.758671781,0.249361227,0.362949622,-0.079475764,0.438719423,-0.349391071,-0.863080143,-0.426198818,0.184533669,-0.426449836,Human
-0.483547679,-0.583905103,0.925052006,1.983157088,-0.557874967,0.420361743,0.241814128,-0.173787844,-0.007163502,-0.242698758,-0.568578491,-0.416736281,0.113400348,-0.425761042,Human
0.053160593,0.54228018,-0.066384271,-0.141747112,-1.060089988,0.607695646,0.132139101,-1.116920308,-0.25298123,-0.118468477,-0.620356694,-0.458623277,0.211550375,-0.462000162,Human
-0.41640726,-0.456457963,1.282424544,2.032340184,0.423962337,-3.430792921,-5.381256459,11.40750403,-0.412462512,-0.159074606,-0.679397127,-0.457447296,0.145587799,-0.50486102,Human
-0.338638903,-0.465709641,0.28019828,0.452432701,-1.533550829,-0.570894382,1.787747609,0.647195468,-0.080149777,-0.149931805,-0.645696123,-0.494609911,0.184417949,-0.529390632,Human
-0.461405986,-0.565894144,1.386635672,3.234694311,1.251043656,-2.691918699,2.574227131,2.569981698,0.200159061,-0.223972361,-0.823265469,-0.437565852,0.200001543,-0.457580802,Human
-0.345462989,-0.409883659,0.805107496,1.117074737,0.950546592,-0.440885276,0.089937728,-0.43352236,0.490235399,-0.396155507,-0.776596825,-0.413439565,0.251535408,-0.433645221,Human
-0.321026562,-0.323749155,0.995257209,1.259491671,-0.683984202,0.337980241,0.578914507,-0.084590924,-0.794834185,0.258489929,0.496642004,-0.42150465,0.133424109,-0.457955013,Human
-0.293608723,-0.325143552,0.369352387,0.401329235,-0.683434726,0.154681439,-0.106321422,-0.656681584,-0.133673115,0,-0.94214368,-0.460144588,0.220021061,-0.490541507,Human
-0.360713701,-0.455853725,0.571256656,0.801502306,1.538125662,-1.605035603,-3.315353705,2.505466772,0.213580211,-0.131670516,-1.104488692,-0.479871031,0.183607911,-0.51153497,Human
-0.189098686,-0.001310152,0.500738109,0.495768704,0.402251273,0.770658671,-1.588775191,-0.429065552,-1.288908313,0.24646361,-0.927593175,-0.535232984,0.186038026,-0.571705936,Human
-0.432510703,-0.462700068,1.666623117,2.716258625,0.126878771,-0.138131104,0.104680401,-0.02955588,0.443594969,-0.342043349,-0.826376073,-0.476771855,0.288842301,-0.521271766,Human
-0.168942331,-0.193541546,0.172982227,0.159959059,-0.783607743,0.452956279,0.141683039,-0.234345242,0.112991923,-0.264285695,-0.704935173,-0.498964198,0.176394712,-0.522285543,Human
-0.08470724,-0.264888908,0.097224034,0.172306459,-0.592574904,0.145533543,0.341576359,0.396932002,-0.009837071,-0.33278896,-1.171697676,-0.511892334,0.257329882,-0.545157449,Human
0.097212668,0.48627191,0.00022304,-0.095973957,0.005341168,0.273727222,0.072338976,-0.365864548,-0.343398032,-0.203316355,-0.647130066,-0.403671268,0.12874093,-0.429656305,Human
0.106118449,0.281736416,-0.149282661,-0.177758534,-1.235221542,-0.105027822,1.649964948,-0.442703833,0.088947114,-0.334301938,-0.710052721,-0.463404711,0.253928493,-0.501443412,Human
-0.464301675,-0.528103813,1.95099969,3.964692892,-0.881851062,0.152320351,0.422674698,-0.190651717,-0.202207106,-0.158609643,-0.928040902,-0.432977405,0.19012679,-0.457420552,Human
-0.313927639,-0.398559995,0.711183971,1.103785084,0.577370095,-1.828828994,-0.494867342,0.600956332,-0.112787392,-0.257312691,-1.004322041,-0.445877649,0.271852326,-0.492860807,Human
0.217396889,0.084731392,-0.406137629,-0.326409749,0.175292141,-0.100023614,-0.057416294,-0.056083937,0.749160212,-0.536978582,-0.870658275,-0.454929519,0.056816858,-0.508495968,Human
-0.363535655,-0.436400437,0.914773172,1.478207516,-0.563418437,0.097298714,-0.045465735,-0.011892446,-0.461028709,-0.059459407,-0.712195806,-0.450305514,0.219751048,-0.516162753,Human
-0.094606852,-0.063512594,0.22889409,0.209001685,-0.674319851,0.362131561,0.763338274,-0.073596806,0.162473211,-0.294306777,-1.018879257,-0.404870749,0.093508507,-0.423078691,Human
-0.098065315,0.0583526,-0.050751377,-0.098608138,0.492137867,0.021065106,-0.757132421,-0.122420654,0.254893913,-0.299514428,-0.696815358,-0.4463236,0.235296069,-0.486278919,Human
-0.130411724,0.113561997,0.079321398,-0.014493554,-0.684649813,0.050096712,0.489550123,0.292394698,-0.730419644,0.074424564,-1.250513221,-0.454353186,0.22345408,-0.474592338,Human
-0.350049131,-0.286364797,0.554197366,0.501894314,-0.820554279,-2.284891477,1.038800535,1.501658178,-0.77500158,-0.058830918,-0.443418833,-0.493459613,0.239037674,-0.555677422,Human
-0.174259955,-0.192736863,0.080806847,0.089537545,-0.828501736,0.199414561,-0.105916922,0.381392391,-0.30808602,-0.145490856,-1.311295349,-0.464336787,0.184263656,-0.515135894,Human
-0.329653573,-0.421817371,0.555609823,0.772949644,-1.491073438,-2.539618453,5.146383822,4.476110027,0.453274655,-0.39034956,-0.531897591,-0.477234173,0.411792229,-0.55423958,Human
-0.339397879,-0.327580841,0.770736783,0.947872072,0.395882864,0.045179169,-0.316431255,-0.174937115,0.303605472,-0.451793483,-1.187892885,-0.504589413,0.157022068,-0.565721053,Human
-0.193454264,-0.305560266,0.136792479,0.160436658,0.111433059,0.054878861,-0.211054917,-0.08865602,0.355736151,-0.250142071,-0.643934454,-0.45483262,0.180984929,-0.501757575,Human
-0.197073737,-0.172313308,0.220898341,0.151789822,0.68544781,-1.159222675,-0.864813989,0.414019073,-0.194346271,-0.124798694,-1.130236061,-0.499138385,0.278701779,-0.554982808,Human
-0.33457234,-0.270555097,1.080323692,1.418001508,-0.001154644,-0.04539907,0.350271675,-0.331105484,-0.609815889,-0.120406689,-0.586810206,-0.434882334,0.131761988,-0.463939091,Human
-0.226106799,-0.227304831,0.131403943,0.123737595,0.69989906,-2.592576594,-6.417290911,3.405845274,0.016231244,-0.214378856,-0.862692976,-0.490403768,0.208333365,-0.546120492,Human
-0.400793244,-0.383347997,0.688952687,0.628759539,0.006664641,0.201390369,0.381567148,-0.344903821,-0.13509061,-0.163695725,-0.91421296,-0.449017107,0.271303429,-0.475481836,Human
-0.226831885,-0.263283173,0.07314629,0.023244065,-0.116992766,0.387780156,0.413003714,-0.484324211,-0.532618833,0.044059742,-1.227071601,-0.537489705,0.246868045,-0.595473339,Human
-0.303495156,-0.347753841,0.437737865,0.474538718,0.225812382,-0.335709793,-0.864148602,0.539792861,-0.736629801,0.018512517,-0.812303815,-0.496675203,0.267132117,-0.551168171,Human
0.047115752,-0.140889269,-0.235561024,-0.203463365,-1.499707667,-1.175257335,1.549707843,1.318883463,-0.483135448,-0.075776692,-0.788270657,-0.481928823,0.229818667,-0.531874732,Human
0.047200673,0.332622457,-0.139575183,-0.195784519,-0.635188084,0.328682072,-0.145627375,-0.123865383,-0.21380045,-0.198983082,-0.714801158,-0.460490653,0.195758485,-0.501362666,Human
-0.071117769,-0.02989456,0.085111179,0.065417713,-0.19243418,0.432004304,1.071430711,-0.547509102,-0.201475112,-0.216361056,-0.882512988,-0.495444794,0.176471859,-0.555237487,Human
0.013962299,-0.024003233,-0.073731875,-0.083998733,-1.549296655,-1.610045717,2.258951717,2.214049862,0.233541398,-0.392189054,-0.96071862,-0.520021985,0.193791249,-0.589520567,Human
-0.366395265,-0.358678795,0.825811883,0.978361972,-0.519108929,0.419192273,0.438572409,-0.164147006,-0.922328855,0.065540987,-0.841018936,-0.492051959,0.216283313,-0.549567886,Human
-0.320000279,-0.22909939,0.839110674,0.929905856,-0.051313545,0.384022882,-0.086465721,-0.140807317,0.508423109,-0.368301012,-0.863331171,-0.467261828,0.235527509,-0.500565304,Human
-0.340118784,-0.297262879,0.659462921,0.706112734,-0.088064746,0.422349818,0.15685757,0,0.074046666,-0.248229987,-0.918655082,-0.471839867,0.173186961,-0.52597472,Human
-0.286409954,-0.286394573,0.515548385,0.561032096,0.191338255,0.131908018,-0.933188033,0.014481646,-0.131733926,-0.259161657,-1.157868935,-0.411254154,0.474817066,-0.437693123,Human
-0.209683247,-0.258304014,0.039363442,0.043182224,0.389848797,1.218464217,0.183878141,-2.497139448,0.067047761,-0.238281485,-0.815197585,-0.468063176,0.15392425,-0.523839364,Human
-0.48592138,-0.50600916,2.107708035,4.011603918,0.187279149,0.093586306,-0.778100168,-0.027398552,-0.971963477,0.234682544,-0.86377043,-0.4869603,0.197301415,-0.508255007,Human
-0.517606305,-0.577731992,2.356070051,5.620807281,-0.58846335,1.054686789,-0.588072493,-1.143768052,0.081066943,-0.16968305,-0.560242962,-0.469913717,0.126531455,-0.492278289,Human
-0.250346497,-0.311540921,0.365744368,0.485871413,-1.659165527,-1.190592766,1.241080274,1.021161554,0.223229442,-0.387820786,-1.090883496,-0.458526594,0.154063499,-0.496620707,Human
1.243916146,0.873748629,-0.549924699,-0.370742489,0.03962358,0.149680185,0.162973132,-0.254563722,-0.971176467,1.529927665,0.249857688,0.140810621,-0.791326804,-0.032145808,AI
-0.356312464,-0.394024574,0.425065192,0.398712646,0.326567652,0.068214404,-0.128726655,-0.127212278,0.345440275,-0.089351383,0.330501854,0.534428712,-0.953109197,0.39746551,AI
1.808148997,1.524082213,-0.679980553,-0.441203195,0.04209305,0.501608645,0.605694133,-0.752572964,0.333563996,-0.190504586,0.481884252,0.22890597,-0.097427164,0.105055796,AI
0.444873589,1.075826498,-0.215577709,-0.243512829,-2.581327825,-2.26374743,6.924901556,4.175960187,0.396512755,0.1078216,-0.681825913,0.451554457,-0.510991834,0.656949099,AI
0.942324951,1.066577725,-0.539432776,-0.399610283,-0.053433451,-0.090899116,0.801575108,-0.186874384,0.704071284,-0.084555662,0.346438045,0.602341319,-1.087064074,0.546823279,AI
0.363355816,0.126662065,-0.38398,-0.2900631,-1.643591455,-1.228437421,2.507484696,1.925033147,0.138946975,0.089367048,0.329400431,0.462348621,-0.532740205,0.36947077,AI
1.262887256,0.860542529,-0.627185996,-0.419162427,-0.001841952,0.450284422,0.133439178,-0.594458806,0.176884532,-0.097357842,0.26169818,0.346311607,-0.838415874,0.207628244,AI
1.653895297,1.398007683,-0.632351152,-0.420441556,0.190469879,-0.151420645,-0.715336433,-0.115253572,-0.66086433,0.85691437,0.297900674,0.457560804,-0.219025485,0.337582537,AI
-0.123649495,-0.400324778,-0.113243966,0.067084485,-1.855159959,-0.582877243,2.620248381,0.310071115,0.611851114,-0.0257986,0.369666667,0.74020993,-1.585822015,0.653864925,AI
-0.345187845,-0.381045064,0.454948536,0.428766786,-1.624268706,-3.39050392,6.003244503,12.61865505,0.439586735,-0.241539371,0.377374388,0.388397652,-0.040044051,0.322172342,AI
-0.096838095,0.160818976,0.081215754,-0.030471777,-0.608188227,0.261886683,-0.681347175,0.282240715,0.335522192,0.032362482,0.209492063,0.798278204,-0.56317643,0.690338916,AI
-0.009439897,-0.275455094,-0.175472977,-0.100801858,0.131604023,0.132163243,0.021983083,-0.270359785,0.516170148,-0.038271474,0.100310142,0.625651514,-1.548006727,0.607196663,AI
1.830106478,1.763797901,-0.715809796,-0.46038048,0.85204835,-0.826024129,-2.55095273,-0.25019499,0.158525946,-0.09720349,0.444096816,0.337023883,-0.041759403,0.138780801,AI
-0.31328645,-0.273683049,0.837827875,0.994843166,0.355919584,0.110051907,-0.493417249,0.083858999,0.043219481,0.112663762,-1.151580137,1.001408223,-2.307027661,0.889034647,AI
0.071947269,-0.111625819,0.147424932,0.226105254,0.478996215,-1.395486206,0.265109666,1.223761256,-0.807841134,1.315381676,-1.044640049,0.83092786,-1.22849059,0.695745243,AI
0.071947269,-0.111625819,0.147424932,0.226105254,0.478996215,-1.395486206,0.265109666,1.223761256,-0.807841134,1.315381676,-1.044640049,0.83092786,-1.22849059,0.695745243,AI
-0.168891411,0.054779458,0.226187206,0.135881045,-0.520779967,-0.046308998,-0.236395862,-0.057835021,-0.201481024,0.789976008,0.534833386,0.789806232,-1.286298781,0.564531873,AI
0.804973707,0.617135321,-0.561920765,-0.389915374,-1.707076872,-0.839962353,0.943756344,0.30093442,0.470014108,-0.053176837,0.291691131,0.557034247,-0.891363063,0.606710979,AI
-0.110531149,0.006749026,0.250505344,0.20055949,1.081479646,-1.46900968,-1.440483354,1.142249694,0.534697843,-0.141457348,0.418125902,0.346638966,-0.764647228,0.196413793,AI
-0.058206064,0.226837853,0.128934295,0.028256606,-0.026663822,0.846083214,0.127863397,-0.850866551,0.514026263,-0.065132426,-1.006180701,0.16468821,-0.098521487,0.152618849,AI
0.249556537,-0.186565205,-0.197610375,-0.009117062,0.336940691,0.139087943,0.390351855,-0.555749277,-0.449164932,0.785225874,-0.428268321,0.618769947,-0.122835366,0.87493673,AI
-0.073926045,0.032260677,0.068039077,0.026107663,0.191054986,-0.402880466,-0.623685827,0.615846998,-0.93386164,1.552115627,-0.824150218,0.571952768,-1.215102586,0.333984647,AI
0.705143539,0.322255989,-0.523269032,-0.351030848,-2.162859726,-2.043062175,5.223867834,2.465159288,-1.61980386,1.744999804,0.122631324,1.883794193,-2.28618769,2.130839348,AI
0.997754415,0.810220783,-0.465057,-0.338854604,-1.397766104,-3.088197273,9.065685122,9.960987198,-0.524635557,0.520113536,0.061449565,0.357330839,-0.070705929,0.384959547,AI
0.106266777,0.030928737,-0.293242022,-0.26519751,-0.621689249,-0.015862238,0.045702555,0.476026507,-0.558979978,1.245788966,-0.998755966,1.042443883,-1.757777718,1.06643559,AI
0.341873281,0.448840345,-0.157088022,-0.148709872,0.852536616,-0.480900651,-1.841921823,0.339308639,-0.002454888,0.115812081,0.390699315,0.686935587,-0.601261731,0.678073187,AI
0.287567232,0.235555012,-0.088799249,-0.084276188,0.1785955,0.095104822,-0.716406141,0.222315148,-0.520111764,0.500568888,0.303930295,0.714591225,-0.951200207,0.758026908,AI
0.063691454,0.535794783,0,-0.063488681,-0.076298015,0.26429843,0.184220085,-0.237982476,-0.941246798,1.62948328,0.446404961,0.532227783,-0.502394628,0.420784167,AI
-0.356932332,-0.449103973,0.927053027,1.445810759,0.064092424,0.204485329,0.093769278,-0.611679067,0.360378391,-0.105454473,0.526491944,0.335953085,0.142037131,0.274798572,AI
0.742733947,0.435925471,-0.4632335,-0.315325059,0.246272539,1.454538856,-0.089841232,-1.209245804,-0.048896813,0.377080384,-0.607457124,0.548440331,0.123900759,0.609021639,AI
0.488104112,0.107179727,-0.256944862,-0.200609122,0.337923856,-0.667646412,1.307282977,-0.271479385,0.126280486,-0.139283059,-0.37295224,0.417928317,0.482435284,0.291557554,AI
0.367201008,0.175524778,-0.328536706,-0.261621438,0.019630628,0.076062209,-0.441548085,0.279352622,-0.70660093,1.481294132,0.432512784,0.519112005,-0.217559702,0.532282352,AI
1.667244346,1.758178192,-0.629575161,-0.426774058,-0.002776725,0.2158763,-0.235315677,-0.161173573,-0.965822768,1.579234773,0.072051216,0.340600426,-0.805201603,0.189090744,AI
0.646773475,0.897991524,-0.177814275,-0.188762947,0.469730847,-0.575792615,-0.34507867,0.531374822,0.02313826,-0.040277259,-0.082589431,0.553207076,1.055338345,0.448875246,AI
-0.173497628,-0.47965724,0.291959967,1.023321013,0.259692913,-0.187497806,-1.099819123,-0.403779528,-0.976448027,1.194038461,0.2535365,1.173203984,-1.939774424,1.203092102,AI
-0.113498746,0.116589,0.235943988,0.176648402,1.330850852,-1.961984286,-7.013343022,3.946242149,-0.961736266,1.657477338,-0.162304266,0.679448142,-0.36441386,0.567962718,AI
1.011867314,1.162415633,-0.494494179,-0.373318325,0.176746393,0.105200698,-0.60291546,-0.078709481,-0.97721116,1.159350573,-0.484908091,1.078494837,-0.879283463,1.439796408,AI
0.190693004,0.071275463,-0.133982392,-0.118471586,0.091207721,-0.00115175,2.009846065,-0.32442245,-0.670799761,1.651934252,0.672093193,0.853287747,-1.804811628,0.684303377,AI
0.58308299,0.738720183,-0.363124163,-0.303971832,-0.005571729,0.174355244,0.021727518,0.104115181,0.324955617,0.313555493,-1.121243321,1.015936736,-1.814511258,1.042005498,AI
1.169368876,1.124848259,-0.562409864,-0.401782893,0.289333502,-0.076487584,-0.231119802,-0.690913046,-0.765012167,0.874475691,-0.692082102,0.865299405,-0.534854405,1.171909862,AI
0.226557295,0.048334731,-0.021356622,0.030748208,0.031887421,-0.726247903,-0.028333746,0.876745368,-0.583567212,0.651533205,-0.84353241,0.281515289,-0.391399322,0.422337223,AI
0.503175512,0.400538295,-0.4115829,-0.308925676,-0.753573659,-1.077410461,1.253861281,1.744532484,0.253513158,0.138118584,0.476991846,1.078269518,-2.621855219,0.880395419,AI
-0.266420119,-0.237984312,0.327745317,0.277245969,-1.111026072,-0.468735827,1.932628375,1.382957555,0.364200547,0.145905296,0.464040185,1.192065921,-1.973288023,1.329576938,AI
1.494108084,1.517094251,-0.643932033,-0.431647508,-0.028999109,-0.091446141,0.190278656,0.310450577,-0.293345531,0.657800895,0.230848443,0.26300694,-0.325891139,0.228175746,AI
-0.036476379,-0.137542717,-0.180167673,-0.152817102,0,0.198516105,-0.144398516,-0.456122311,-0.123958007,0.725091885,0.279145492,0.807439824,-0.907731237,0.990543011,AI
0.13148278,-0.243734747,-0.152451642,0.03444421,-0.839697062,-0.853345375,0.847726368,1.24743857,-0.293951054,0.594128421,0.357433735,1.023342443,-1.215480989,1.086325615,AI
0.13148278,-0.243734747,-0.152451642,0.03444421,-0.839697062,-0.853345375,0.847726368,1.24743857,-0.293951054,0.594128421,0.357433735,1.023342443,-1.215480989,1.086325615,AI
-0.116435331,0.195343368,0.212135589,0.099193537,-0.739379086,-0.15115338,0.017098476,-0.085217722,-0.319146018,0.898503205,-0.972510696,0.791771123,-1.031280979,0.728676302,AI
-0.146960263,-0.325394108,0.734593764,0.930376092,0.239411187,0.679653466,0.404948032,-0.8905411,-0.187108414,0.788842195,0.162502084,0.836252729,-1.688129082,0.603353398,AI
-0.067445355,-0.014343404,0.262679426,0.248121152,0.640627152,0.615794019,0.458471725,-1.202302796,0.320925464,-0.128438499,-0.021793721,0.34607171,-0.2253704,0.269666176,AI
0.846977508,0.263471271,-0.592159954,-0.380960491,0.633313441,-0.88017105,-0.894460598,1.156742942,-1.142573823,1.708077069,0.179359617,0.939245892,-1.772727553,0.713742414,AI
-0.428653356,-0.515509941,0.600497049,1.027853796,0.319502767,-0.570796926,-1.168618886,0.89471895,0.115721363,0.704068801,0.219350378,0.752078142,-1.503223181,0.806871007,AI
-0.131515702,-0.252633467,0.080972032,0.084549054,-1.143636954,0.295934423,1.212435396,-0.011015434,0.548531685,-0.007021476,0.495495201,0.813029272,-1.720100522,0.980525336,AI
-0.182274961,-0.436380829,0.437200732,0.84137007,0.000856326,0.018552154,0.11453845,-0.196426639,-0.904667066,1.562292449,0.432078,0.408264215,-1.05570672,0.255513534,AI
0.865543144,0.528434982,-0.437274468,-0.278559411,0.146269075,0.375607608,-0.093561649,0.185849191,-0.526957444,0.657391781,-0.993953521,0.564632014,-0.131667483,0.809944892,AI
0.269508245,0,-0.152645149,-0.096283766,0.565365937,-0.202805977,0.234853203,-0.716064334,-0.001480391,0.191973467,0.234908191,0.33959164,-0.449392664,0.382752034,AI
1.596374668,0.810315195,-0.724765673,-0.450387037,0.311240379,-0.282696336,-0.762641126,0.231543707,0.064941665,-0.009094747,0.452971472,0.661980109,-1.67754921,0.535072784,AI
-0.0831387,0.328984679,0.226419834,0.10173845,-0.000492017,0.384744146,-0.224572497,-0.063684273,-0.48128073,1.280199972,-1.007872383,0.619567521,-1.367750832,0.457505845,AI
1.082011657,2.294012192,-0.376143576,-0.333426382,0.338218843,-0.106290318,-0.571756889,0.436780144,-0.828045398,1.69746168,0.253532985,0.933888638,-1.58377339,0.938263192,AI
0.299069719,0.500416322,-0.179834278,-0.181794549,0.13818186,-0.302986112,-0.316842321,0.210916623,-0.276014434,0.786641269,0.312257676,0.872905803,-0.897890815,0.794349349,AI
0.321112924,-0.020288473,-0.270939141,-0.170768671,0.086191435,1.463406766,-0.13845905,-0.838950058,0.001861995,0.51930779,0.246098183,0.392689846,-0.924779843,0.364753066,AI
0.035528399,-0.359989673,-0.168906714,0.120699491,0.28724226,0.155490618,-0.065912658,-0.302687324,-0.677687802,1.101564366,0.225473955,0.985026222,-1.288579231,1.396996629,AI
0.343488809,0.106868893,-0.131873381,-0.058894612,0.059285045,0.28921622,0.305671343,-0.431264012,-0.954536907,1.129875059,0.507253881,1.108990972,-0.577099446,1.623572459,AI
0.385077831,0.360904746,-0.116066879,-0.109778248,1.368216592,-1.158211202,-3.667872327,1.99728699,-0.126497494,0.219493622,0.357938667,0.585680929,-0.08290742,0.509885958,AI
1.051420715,1.031661159,-0.546279709,-0.394162355,0.01029591,0.242990934,-0.133798918,0.037387991,-0.066880829,0.653486453,0.421722583,0.717190263,-0.857376556,0.844353856,AI
1.319011929,1.342439519,-0.563646248,-0.392318885,0.06483793,0.376903157,-0.191169386,-0.329792482,-0.901684236,1.017958014,0.358207271,0.989690183,-0.977180835,1.308248467,AI
-0.005041207,-0.193967854,0.19001033,0.275047441,-0.561465347,-0.139603618,0.037545596,0.08225509,0,0.181328105,0.336377119,0.281461513,-0.217489884,0.186895098,AI
0.58438234,0.979582618,-0.317095643,-0.285855162,0.12129486,-0.192137407,-0.198185878,0.275059573,0.452930995,0.052460858,0.437883278,0.848605157,-1.981662276,0.699055302,AI
-0.426983863,-0.47363882,1.233006468,1.910435271,-0.691601866,-0.190353784,-0.170151836,0.021664863,0.476826447,-0.043590319,0.526203206,0.3328076,-0.404815485,0.105992209,AI
2.046541515,2.055547829,-0.669347649,-0.43571327,-0.791292194,-2.193597994,-0.927841295,-0.484072597,0.168627567,0.007335396,-0.29079983,0.510263639,-1.426217083,0.391540351,AI
-0.041035109,0.05396025,0.144702777,0.130600271,0.778424932,-0.834033565,-0.935762597,-0.417359279,-0.434801434,1.099681215,0.441458227,0.937437211,-1.6697848,0.872571415,AI
0.529832492,1.093756843,-0.244696139,-0.247101717,-1.81953607,-1.958498822,4.303550739,2.267550288,0.171054735,0.23590174,-0.000175128,0.821474714,-0.904590217,0.728609064,AI
0.532787047,0.959627493,-0.309243752,-0.279789715,0.132894313,-3.319020203,-12.03259169,12.97215967,0.31632152,0.031360948,0.421285082,0.742124893,-1.493065686,0.693774118,AI
-0.041241141,-0.155957469,0.191117594,0.265226963,-0.928047858,0.000769651,0.511012923,-0.441044386,-0.060035317,0.480776053,0.0414573,0.709571332,-1.954132545,0.495525064,AI
0.803086885,0.630489575,-0.434198161,-0.327663902,0.290779352,0.469858386,-0.217614649,-0.569147484,0.022297008,0.295015475,0.561998239,0.661089038,-1.381794968,0.64715906,AI
0.436121343,-0.058423772,-0.299565739,-0.212589252,0.082913032,-1.968864348,-0.859521672,3.213960237,-0.872651163,0.798669554,-0.807277346,1.332006229,-1.389001609,1.237637347,AI
1.993091935,1.459167233,-0.732667963,-0.458795812,0.814904668,-1.389416573,-3.836103018,2.233071768,-0.940956677,1.509825652,0.306972509,0.363200596,0.016575312,0.294459607,AI
-0.102898884,0.047323793,0.200210334,0.15381337,1.152729451,-1.035893381,-1.055506887,0.081867233,0.089418332,0.045152013,-0.185211553,0.727185229,-1.306346457,0.795859784,AI
-0.0073551,-0.216656578,-0.043488147,0,-0.942910809,0.050280151,0.284814451,-0.209660599,0.297978298,0.101362067,-0.587699908,0.778218502,-0.326749393,1.0516801,AI
0.829058957,1.185031732,-0.492083727,-0.381307745,0.009463657,0.075053121,0.719856765,-0.392127149,0.39111684,0.068199695,0.27907918,1.172826874,-1.988944134,1.113829312,AI
1.070701497,1.164741806,-0.508920688,-0.37173255,0.266168302,1.301253716,-0.256999743,-1.227358717,0.594976734,-0.260150199,0.570134193,0.291339038,-0.305775959,0.407578363,AI
0.859535185,0.732898577,-0.503548253,-0.362523869,0.091372595,0.196780869,-0.093121507,-0.413524964,-0.920299723,1.233439623,-0.425576843,1.523713305,-1.403951444,1.985594153,AI
0.233404473,0.127504513,-0.066645574,-0.085441969,-0.683396082,0.181623425,-1.818804756,-0.80259367,-0.91427432,0.949096803,0.513401107,0.798724022,-1.394508712,0.877762317,AI
1.190281355,0.872704284,-0.554220227,-0.386723158,-0.093412287,0.32917503,0.170189672,-0.34173652,-1.21245743,1.750143852,-1.200997304,0.870709667,-1.911032336,0.608832203,AI
-0.272399503,-0.260078965,0.488252895,0.498044001,0.615500779,-2.678121093,-7.851372522,4.993830882,-0.468165749,0.909578317,0.160938873,1.227960532,-2.497878471,0.998086452,AI
0.104116968,0.102891231,-0.066602198,-0.095975384,-0.801180892,-0.323127545,0.945290867,0.502043813,-0.365457317,0.947630912,0.349063851,1.324340458,-1.482728826,1.393059341,AI
0.688467909,0.267480162,-0.498735066,-0.33403262,0.949106231,-1.031648828,-1.491876718,0.925092675,-0.594198865,0.895839806,0.049040386,0.919500119,-0.48344436,1.253763511,AI
-0.047357696,-0.459417425,-0.013402387,0.540936016,0.070014846,-0.332651521,-0.406322814,0.330468585,0.269201039,0.05819839,-1.1036514,0.523082795,-0.549116094,0.508165214,AI
0.172720488,-0.226098532,-0.218322686,-0.032151741,-0.631651195,0.501590585,-0.123241919,-0.575176682,-0.115572472,0.417419692,-0.609782367,0.377045322,-1.165088892,0.382701434,AI
0.318596072,-0.166777843,-0.391836038,-0.215674331,0.003913394,0.191108328,-0.016036479,-0.270442629,-0.656768599,0.91124282,0.374386342,0.646817926,-0.595849904,0.729750474,AI
-0.151577444,-0.478552616,-0.108488677,0.448133381,0.03021266,0.203541212,0.373146373,-0.24669897,-0.758870171,0.918545162,-0.796858972,0.841794602,-0.701308405,0.966132338,AI
0.433368611,0.096260584,-0.220496963,-0.139099236,0.654721291,-0.486121578,-0.893115499,0.062548811,0.385166981,-0.160086282,0.111086601,0.439943232,-0.436982492,0.466402688,AI
0.637829705,0.418914557,-0.379887121,-0.290443275,-1.556459164,-2.998150611,6.873710532,10.20661803,0.584642999,-0.312316705,0.305908957,0.391461323,-0.386540249,0.47337317,AI
0.646740664,0.080788589,-0.541870342,-0.335765251,1.059308633,-0.818487207,-2.44880973,1.092091448,0.501463763,-0.227422811,0.334911538,0.407449547,-0.677556539,0.331062075,AI
0.856427234,0.522150029,-0.469970162,-0.31965241,-1.074204535,0.35641847,0.698378183,-1.348741188,-0.140617373,0.316361362,0.205852559,0.772218841,-0.663965253,0.841208868,AI
0.643480618,0.528871457,-0.507821962,-0.385068899,0.382656711,-2.769735453,-5.845243585,5.319710733,-0.718745028,1.032116669,0.425302965,1.193773104,-1.169368594,1.77937366,AI
0.49292907,0.496735695,-0.286670544,-0.23740585,0.164977271,0.024554091,-0.64294952,0.977749445,-0.840575784,0.717732614,0.511628572,0.438666609,-0.82541823,0.425201155,AI
0.247350824,0.017820681,-0.192954353,-0.133167291,-0.97551426,-0.633568231,0.895489916,0.737860754,-0.089759793,0.152514275,0.301308964,0.488165558,0.217594803,0.463964795,AI
-0.183392755,-0.346468382,0.728125602,1.066383047,0.481509832,-1.743600147,-1.94002409,0.498433692,0.122846445,0.275438024,0.283827936,0.363625499,-0.712983371,0.229582747,AI
0.184728571,0.061943172,-0.028216395,-0.043038437,0.090794614,-0.54575158,0.407677655,0.194383755,-0.581516252,0.596483376,0.149660837,0.44398027,-0.804721752,0.451445176,AI
0.671756394,0.587629304,-0.425691067,-0.327874212,0.316147496,0.655028839,-0.001445443,-0.694008412,0.149503462,-0.161342633,-0.14098336,0.532224685,-0.673697285,0.546512488,AI
0.519704669,0.516598587,-0.342375309,-0.296864165,-0.796315635,0.002335872,-0.637329388,-1.160344333,0.550583031,-0.250152532,-0.011391326,0.241652032,-0.189387727,0.226743055,AI
0.774478042,0.509891684,-0.42157471,-0.314195409,-1.746491125,-1.523530181,4.438525291,1.864967219,-0.693811274,0.693033771,-0.075020087,0.938735023,-0.666808488,0.838605801,AI
1.119299482,1.001091914,-0.467963851,-0.35655721,0.053175573,-1.24491881,-1.594543555,0.746627565,-0.42124715,0.522986128,0.276722938,0.726107037,-1.139834598,0.751499279,AI
0.355491548,0.133844661,0.064827162,0.105925462,0.229895256,-0.687998432,-0.735939168,0.92282592,-0.578421103,0.610217374,0.473092846,0.580693183,-0.759441382,0.422258793,AI
0.259248069,-0.06254741,-0.101801875,-0.055762769,-0.822917637,-3.32069274,6.942033954,10.92472247,0.485091426,-0.214770632,0.334459017,0.783317982,-1.252164152,0.610282941,AI
1.484797688,1.235646156,-0.638844244,-0.422018431,0.291275569,-0.097427973,-0.521880628,0.314951264,-0.587343173,0.647793894,0.413413418,0.423817186,-0.767674457,0.262666486,AI
1.612323995,1.259212914,-0.622090281,-0.417276523,-0.002784648,-3.031660982,2.184634049,9.991918806,-0.696232232,0.944758222,0.293262651,0.71937928,-2.355455222,0.374906814,AI
1.722652352,1.554212803,-0.649438816,-0.434311507,0.604170648,-0.140657004,-0.062812818,-0.589409575,-0.563675716,0.82202489,0.474635125,0.502237926,-0.578617689,0.368681612,AI
1.38633299,1.399839281,-0.553602563,-0.39198843,-0.059536203,0.272093986,-0.680137161,0.113860491,-0.443788144,0.769533497,-1.17851857,0.568452797,-1.178790497,0.3588169,AI
1.627363498,1.025844636,-0.656320344,-0.426666724,0.059254454,0.254825681,-0.146344955,-0.634784786,-0.008134144,-0.02680382,0.110447607,0.498985357,-1.011378338,0.322346248,AI
2.478157788,2.851569005,-0.721604671,-0.458366281,0.095798009,0.204899801,0.359602664,-0.789287395,-0.11760521,0.257990597,-0.945485178,0.642816028,-0.682620435,0.549280823,AI
1.451824627,1.410573231,-0.632483966,-0.427028151,0.170060662,0.078805964,-0.026257362,-0.27997086,0.111256479,0.016288606,-0.185643781,0.474453207,-0.66237835,0.394147772,AI
1.955452988,2.375461667,-0.659574156,-0.443087313,0.084000064,0.77268173,-0.076811699,-0.468107116,-0.760681105,1.161459787,-0.99775569,0.117273086,0.002997142,-0.019899408,AI
1.811226131,2.314006534,-0.609321164,-0.42004448,0.267681026,0.104253628,-0.527383995,-0.309803452,0.153524182,-0.117069989,0.404574555,0.373051765,-0.724597777,0.259170474,AI
3.003904473,3.337991248,-0.721774871,-0.457816516,0.188995407,-0.105554401,-0.665334959,0.086355021,-1.250598973,1.695337219,0.376839256,0.662945272,-1.148744633,0.586781426,AI
-0.094394507,0.18991321,0.171653217,0.09927952,-0.99372482,-0.508230188,1.427903165,0.998216068,0.771361672,-0.119409222,0.651952804,0.469947424,-1.419081031,0.401228572,AI
-0.253051272,-0.084074863,0.630700142,0.583053915,0.349394659,-0.592120437,-1.067553042,0.226267444,0.314110311,-0.111925407,0.056968295,0.532156569,-0.883753717,0.60037772,AI
-0.286739062,-0.276633069,0.357679441,0.368761681,1.616207996,-1.533001567,-3.546400702,1.675190325,0.718528515,-0.123635589,0.521191118,0.289854868,-0.782259004,0.039485922,AI
0.014710975,0.425771067,0.030348535,-0.058568712,1.252967097,-2.701240949,-8.551951466,6.203678271,-0.502003703,0.890785095,0.343694476,0.913183434,-1.980903926,0.49860051,AI
-0.211558274,-0.037002352,0.476837176,0.460429449,0.200367688,-0.141737991,-0.259023949,0.093428101,0.898169367,-0.170509904,-0.008378992,0.482925604,-0.483597496,0.282753211,AI
-0.151604746,-0.170754779,0.113851118,0.080422821,0.001827483,0.295621838,-0.307471205,-0.124967124,-0.546163552,1.366713944,0.046344274,0.313502728,-0.231598437,0.221444125,AI
0.052790644,0.493238083,0.013507396,-0.082081035,0.88048964,-1.471938011,-3.187095729,1.937245758,-1.000440431,1.703290716,0.152829124,0.821244869,-1.600474837,0.611267219,AI
-0.190357029,-0.000309382,0.397834434,0.277980598,0.165567028,-0.742447261,-0.153927817,0.63539389,0.467460179,-0.164029539,0.301718662,0.430397048,-0.847709327,0.376250092,AI
-0.319541615,-0.414183775,0.503529876,0.780799151,-0.477858372,0.370149515,-0.257495763,-0.143436146,0.415688416,-0.037570575,0.242255908,0.687537201,-1.201322677,0.451940425,AI
-0.196344415,-0.073842024,0.078878575,0.0153116,-0.672844539,0.025910749,0.12586925,0.215215803,-0.564584356,1.576016682,0.308200005,0.593113188,-1.497066504,0.338911986,AI
0.08621791,0.229729048,-0.073632659,-0.095695126,-1.006733956,-0.405053231,1.188011704,0.439477217,0.431670996,-0.010717213,0.432604024,0.738387032,-0.679569677,0.828177682,AI
0.027575112,-0.074976424,-0.057508616,-0.002956784,0.416515906,-0.793809308,-1.097016089,0.618954876,-0.260190236,0.760554297,0.370426142,0.988015353,-0.893265496,1.035250506,AI
0.257817419,0.162330298,-0.30806982,-0.271233092,-0.457935394,0.226079173,-0.227212761,-0.034013956,-0.972162406,1.969884711,-0.988491948,1.358644163,-2.234566649,1.311551629,AI
0.827465248,1.54852991,-0.373685565,-0.327207854,0.114397993,-0.04557399,0.111848824,0.197587416,-0.696079276,1.184200333,0.489009863,0.832564238,-0.971061574,0.836992927,AI
-0.056690936,-0.048409534,0.091814819,0.039300411,-1.883059175,-2.753865378,6.45505589,3.934686923,-0.588513348,1.161577148,0.021055018,1.082464545,-1.488163026,1.081045543,AI
0.116138065,0.064904812,-0.098099176,-0.066348384,-0.999661162,0.053894648,0.690605751,-0.454337619,-0.321519793,0.886443707,0.470201951,1.064248223,-1.071664474,0.973950369,AI
1.156394926,1.587548327,-0.451780501,-0.349174131,0.265370334,-0.217072803,-0.637587328,0.497332798,-0.560952312,1.093499548,0.494167358,0.605672466,-0.75671541,0.535660695,AI
-0.202957956,-0.385422889,-0.011874132,0.073398708,1.274658839,-3.085243272,-10.51026437,11.17887323,0.135280798,0.654392468,0.255163947,0.650717607,-0.770462918,0.806913254,AI
0.280326708,0.378867045,-0.129943808,-0.155379963,0.118664166,0.036309442,-0.032239657,-0.064988635,-0.781996588,1.502519284,0.513162382,0.325028221,-0.202095299,0.294539907,AI
0.42997458,0.298707387,-0.167476187,-0.143397528,-1.030629989,-1.824683601,3.284530316,1.426134619,-0.210339485,0.662863443,0.087540639,0.539312289,-0.50221449,0.482012594,AI
0.42997458,0.298707387,-0.167476187,-0.143397528,-1.030629989,-1.824683601,3.284530316,1.426134619,-0.210339485,0.662863443,0.087540639,0.539312289,-0.50221449,0.482012594,AI
-0.342588537,-0.446949194,0.342157024,0.529685721,-0.582742636,-0.124799764,0.069066657,0.24900664,-0.990038732,0.475544478,0.266725927,-0.396714626,-0.189638067,-0.490124875,Human
-0.586012487,-0.628775832,11.98410855,130.1081213,0.272508147,0.245320446,-0.762702586,0.150296492,0.154677686,-0.147817385,0.020168192,-0.362027756,0.24368066,-0.439647895,Human
-0.519588763,-0.530191777,6.017983102,17.04935971,-1.315094177,-0.259170642,1.520550214,0.730177199,-0.960149228,0.606946584,0.329157712,0.013612747,0.22748892,-0.00842262,Human
-0.512453817,-0.577676797,1.520456459,3.07433307,-0.673523953,0.203204887,0.133798034,-0.071304492,2.016721678,-0.924129097,-0.284744803,-0.421371949,0.162180469,-0.486229311,Human
-0.522047192,-0.571341225,2.88114259,7.466088999,-0.991681927,-0.213106874,0.765786906,-0.146457348,-2.792876458,1.458294291,0.32947665,-0.260224842,0.183157452,-0.356634658,Human
0.0934277,0.090513054,-0.186992285,-0.176679875,0.27016695,0.08531165,-0.254857299,-0.406031558,0.149680193,0.064150576,-0.367743452,-0.172368512,0.233160114,-0.16411285,Human
-0.429283302,-0.471688843,1.426181159,2.014966963,-0.359575708,0.557769539,-0.264070393,-0.255527109,-0.131833926,-0.11256748,0.109933727,-0.402883822,0.187415708,-0.407013177,Human
-0.48886594,-0.544023902,2.271095374,4.602785977,0.227749785,-0.103995449,0.066052671,-0.405321513,-1.334836912,0.455321485,-0.097026966,-0.307642564,0.1755326,-0.371372599,Human
-0.282316283,-0.459269271,0.28394969,0.490061585,0.044702481,0.309142751,-0.398889936,-0.936871616,-2.074999746,0.720543612,-0.11079291,-0.398092968,0.220942499,-0.47811203,Human
-0.332910019,-0.421521788,0.336804093,0.370454009,-0.034794939,0.441552019,0.248683879,-0.853851916,-0.901959374,0.704176795,0.385717108,-0.115194215,0.192550078,-0.234837791,Human
0.191416594,-0.048116856,-0.268685829,-0.224477806,0.533686453,-0.127842702,-1.17177534,0.144265913,0.913984528,-0.897644922,-0.374635133,-0.277990915,0.211858444,-0.424473839,Human
-0.465744868,-0.584958235,2.422719922,7.460335628,0.191358316,-2.555074511,-7.199734169,3.555396157,-0.443321732,0.170562148,-0.303572529,-0.058476664,0.065602688,-0.061317716,Human
0.01096095,-0.179873553,-0.193496303,-0.075581805,-0.802500324,0.938650096,0.028054294,-0.147222681,-4.211575496,2.257138074,-0.501833853,-0.253608922,0.186528176,-0.252827537,Human
-0.436203634,-0.367575336,2.012696788,3.047461193,0.28529928,0.038928027,-0.579854663,-0.277090116,-0.23184763,-0.000121436,0.003222456,-0.328201538,0.228383434,-0.38329563,Human
-0.221627536,-0.202363285,0.060789656,0.021709265,0.143479865,0.375752997,0.133390127,-0.304152163,0.04880859,-0.076256245,-0.60326587,-0.487414768,0.202032348,-0.588988353,Human
-0.514263664,-0.58082719,2.399218655,6.030800244,-0.035103251,0.383023563,0.08719175,-0.361571471,0.292105512,-0.043452308,-0.024854311,-0.20178791,0.219933885,-0.250737416,Human
-0.423852819,-0.507474003,1.399263702,2.669067473,0.295221814,-0.526323459,0.024822594,0.393173807,1.434060182,-0.760700114,-0.90555004,-0.471461933,0.207499875,-0.562718975,Human
-0.569599872,-0.61255509,7.583740213,35.72462389,0.158224102,0.116385512,0.258549655,-0.302450845,1.345883302,-0.677570829,-0.976349456,-0.473113441,0.208204724,-0.544193289,Human
-0.279272985,-0.26484388,0.763796998,0.927951876,0.468064908,-1.006774882,-1.196458315,1.760395751,1.345717232,-0.790624684,-0.113712566,-0.455359738,0.232777081,-0.542152386,Human
-0.375135024,-0.493223558,1.020660599,1.72718471,-0.665919195,-0.048752094,-0.010877135,0.43343177,0.174347051,-0.591117852,0.338043394,-0.35147201,0.208552732,-0.412855389,Human
0.032369252,0.008660511,-0.015323525,-0.02779194,0.063759213,0.067196457,-0.934714091,0.287295696,0.286649816,-0.601828116,0.361622752,-0.256702368,0.195023626,-0.3257418,Human
-0.041503271,0.029413057,-0.018934128,-0.070378891,-0.495999117,0.06508889,0.481943064,0.488713565,-0.060287769,-0.496246043,0.252641844,-0.361703101,0.161023657,-0.415966989,Human
-0.30369745,-0.269287067,0.773845768,0.888961727,0.134145697,-0.541524406,-0.948962103,1.047360695,0.07719141,-0.395623139,0.287448585,-0.157772385,0.069984609,-0.165984526,Human
-0.474930665,-0.567992203,1.335681141,2.453622008,-0.504471122,0.282027889,-0.484702516,-0.323278742,0.102934704,-0.413750827,0.015754672,-0.115576924,0.199665454,-0.097043164,Human
-0.41204883,-0.510882286,1.147710113,1.893863177,0.374456344,-0.277058211,-0.179323051,0.09951729,0.289766104,-0.507206047,-0.950901052,-0.30777539,0.179175034,-0.331968396,Human
-0.333323799,-0.419438908,0.613351109,0.794877455,0.206623843,-0.522752238,-0.486768307,0.697838883,0.260086846,-0.477545249,-0.723887215,-0.319647284,0.163473059,-0.374499823,Human
-0.474867839,-0.552987985,1.736533215,3.274768855,-1.510069205,-0.656647536,2.128078852,0.633179688,0.501570065,-0.500753281,0.063120794,-0.028991209,0.106605669,0.094961922,Human
-0.155749751,-0.040513763,0.251859924,0.180221259,-0.684152423,-0.112112336,0.201278384,0.338218552,0.767663716,-0.807380604,0.26231049,-0.223796001,0.057010882,-0.331855347,Human
-0.26973208,-0.198901985,0.480951168,0.404057182,0.352024339,-0.484740046,-0.388459263,0.503835415,0.979483858,-0.823983835,0.063791746,-0.071017212,0.169117097,-0.07730585,Human
-0.163761905,-0.022112083,0.317480843,0.231666277,0.08771075,0.305847996,0.032901442,-0.422544645,0.740883599,-0.795499985,0.295073216,-0.084111837,0.271748178,-0.043395469,Human
-0.374780304,-0.3440064,0.611004238,0.532741257,-1.175967739,-2.773305766,4.430853333,1.894263512,0.621806597,-0.727426432,0.279387572,-0.311148317,0.155737964,-0.377211972,Human
-0.422896561,-0.436341611,0.94558645,1.168850315,-0.833822771,-0.067301977,0.550747541,0.129189927,0.763706109,-0.783304166,-0.719096594,-0.463277944,0.221263968,-0.526438644,Human
-0.349033702,-0.318334974,0.851107722,0.925245083,0.006080229,0.267006407,0.131990591,-0.216692211,0.728497143,-0.755278916,0.059686458,-0.152475915,0.153525788,-0.084019438,Human
-0.257317693,-0.445749432,0.057366867,0.134702929,-1.319939302,-0.748210669,2.534821343,1.524529335,0.676210757,-0.7428485,0.40950483,-0.232180506,-0.08571941,-0.250415214,Human
-0.327696421,-0.37320594,0.736197224,0.947943375,-0.795746069,0.483988909,-0.604926601,-0.634671156,0.824143701,-0.804132696,-0.80628474,-0.479843318,0.20034172,-0.54388452,Human
-0.309123475,-0.411826373,0.627554117,0.778233472,-1.337228516,-1.236999561,1.285058458,0.390153072,0.849440528,-0.753165957,0.275871744,-0.20640846,-0.339926788,-0.331559581,Human
-0.464345063,-0.568973074,1.241125342,2.560855779,0.270310504,0.221219899,-0.352863332,0.078100508,0.974398671,-0.856056571,-0.595438468,-0.383912345,-0.007229399,-0.423434744,Human
-0.354920329,-0.358159527,0.832391331,0.837473853,0.011595759,0.064871829,-0.342001489,-0.078351654,1.247222261,-0.841864291,-0.663619446,-0.361628512,0.231865634,-0.427552511,Human
-0.397209074,-0.429806829,1.363314642,2.025762654,0.073552938,0.194955333,0.208400835,-0.308506444,1.025434166,-0.77786318,0.318561174,-0.132257488,0.062665335,-0.103838104,Human
-0.350597534,-0.430872961,1.119510546,1.684133355,0.071264276,0.343831451,0.170095877,-0.330088509,1.147059089,-0.834577131,0.012084329,-0.13728573,-0.060608223,-0.130222152,Human
-0.369274092,-0.424980182,1.432736252,2.076035407,0.023780087,0.0509737,0.357991635,-0.013432127,0.832159123,-0.762569646,0.23356373,-0.183654709,-0.404798513,-0.306903927,Human
-0.483862362,-0.564986987,1.625972604,3.286517503,0.228944942,0.362696191,-0.704226129,0.366655145,0.97044217,-0.808036645,0.275770438,-0.155970478,0.332457463,-0.174987459,Human
-0.311117314,-0.384878929,0.654219169,0.641187696,-0.191488327,-0.078907623,0.25915982,0.678496847,0.784438521,-0.857035067,-0.786193246,-0.365627969,0.173315024,-0.431586062,Human
-0.385622414,-0.506187817,1.067650453,1.642439858,-1.270450212,-3.059367053,9.355525617,7.036893014,0.878305319,-0.781559888,0.17752876,-0.028613531,0.082821016,0.070599591,Human
-0.231535566,-0.378641182,0.677817298,1.007786809,-0.026417632,0.601978466,0.284505644,-0.430707738,0.853456318,-0.812401962,0.10930432,-0.100898956,0.06875798,-0.078390301,Human
-0.25575134,-0.302627675,0.683916408,0.805893967,-0.080744358,0.413630477,0.494246355,-0.451887507,0.666300306,-0.760007566,0.494969976,-0.200375235,-0.008016293,-0.259893729,Human
-0.381932473,-0.41095778,1.054464315,1.309689868,-0.730540223,0.027710614,0.479083792,0.122699482,0.691840603,-0.751711273,0.141792689,-0.129645131,0.084016787,0.001827459,Human
-0.102820359,-0.11725497,0.159455424,0.157886363,0.826439695,-0.089667629,-0.601734374,-0.561089149,0.523983964,-0.746353359,0.18648395,-0.169551858,0.045102547,-0.121079668,Human
-0.330799859,-0.428890303,0.660386909,0.830115552,-0.613579757,0.508554927,0.084562585,-0.386361332,0.651448734,-0.80571813,-0.711718517,-0.449703924,0.168320173,-0.519493665,Human
-0.47323088,-0.479747295,2.022915095,3.278590281,0.045201595,0.477326249,-0.195935036,-0.163667627,-0.505268496,-0.216237096,0.462186478,-0.038047115,-0.388675665,-0.05743311,Human
-0.552863714,-0.59557388,3.379709995,8.422379959,-0.58925257,-0.65466991,0.081789626,0.715424108,-0.089580619,-0.37275991,-0.563159902,-0.250807551,0.156774427,-0.250639578,Human
-0.51600559,-0.542417441,2.594981578,4.808643713,-0.518226213,-3.431205348,10.73596941,9.833394105,0.140133775,-0.453581123,-0.733269839,-0.170599851,0.131322638,-0.208086097,Human
-0.509628125,-0.530046527,2.134455882,3.507715139,-2.155687454,-1.420964992,4.648881864,1.194097496,0.194859952,-0.410884563,0.257435341,-0.077484461,0.11402562,-0.083385681,Human
-0.572815588,-0.619913729,4.494796215,20.60520478,-0.672134331,0.180729512,0.311670386,0.132061515,0.056506343,-0.297007034,0.110251227,-0.003773258,0.116863455,0.089714648,Human
-0.534397009,-0.581126985,2.391902497,4.886780682,0.144934406,0.074395805,-0.119957387,0.135374773,0.251581275,-0.465496959,-0.765498232,-0.197898151,0.198474081,-0.227652555,Human
-0.513521162,-0.522266229,2.462415209,4.460621098,0.074877294,0.112805999,-0.363242302,0.060456042,0.299413226,-0.43568458,-0.785922724,-0.222029518,0.252162802,-0.301947508,Human
-0.391994286,-0.392584424,0.944257376,1.115220635,-0.009591916,-0.079838451,-0.360183342,0.747936688,0.309608614,-0.380370722,0.292725922,-0.120459576,-0.088226286,-0.199700536,Human
7.162475375,7.022171272,-0.933866281,-0.500904487,0.89819351,-0.689267174,-1.365234452,1.040387396,0.428034266,-0.551956645,0.049666278,-0.49963208,0.125118131,-0.585321933,Human
6.777262589,7.080740294,-0.885234247,-0.496327098,0.671680944,-1.940076836,-0.280342448,3.891445489,0.62690038,-0.639651075,-0.707719809,-0.509049988,0.218923536,-0.573852522,Human
6.194322279,7.697946787,-0.892286781,-0.498880946,-1.578352977,-0.415042337,0.768366382,-0.254338259,0.381995858,-0.578574084,-0.619385659,-0.537989462,0.177515574,-0.591757728,Human
6.881281649,7.131273378,-0.879024617,-0.495674719,-1.44120205,-1.098656166,0.348251972,0.465372698,0.262151427,-0.595794233,-0.869678931,-0.528611882,0.159820171,-0.595511506,Human
7.917964558,7.731430466,-0.990993263,-0.506827457,-0.059443373,0.243669036,-0.070598102,0.062556967,0.272534506,-0.591804959,-0.733483316,-0.520690169,0.17111172,-0.583459343,Human
5.52716518,8.301427187,-0.83498179,-0.491931083,-0.803183635,0.00324387,0.829927748,-0.178503414,0.344312296,-0.593163722,-0.70172566,-0.520238775,0.266290835,-0.579451132,Human
6.656589218,8.029600429,-0.904074309,-0.500085516,-0.038015086,0.401283804,0.168741708,-0.383523875,0.331828193,-0.620259998,-0.791945794,-0.516920532,0.104928504,-0.582726546,Human
-0.217356325,-0.132923778,0.491290583,0.525005422,0.817428049,-1.625429876,-1.878172826,3.161102966,-2.174078855,1.028372273,-0.73889855,-0.098682259,0.238313115,-0.157644084,Human
-0.375768044,-0.448654425,0.802967727,1.048222692,-0.156219303,0.231370409,0.312305715,0.174804193,-2.719710825,1.545135911,-0.019737402,-0.183727922,0.231469525,-0.19738752,Human
-0.068373676,0.092080298,-0.022100595,-0.073108416,0.243729953,0.013566915,-1.397061652,0.082264138,-1.256343035,0.7835741,0.131065604,-0.34080294,0.25941901,-0.383039707,Human
-0.139289899,-0.061039719,0.204798112,0.153276868,-0.64834454,0.258389973,0.015995664,-0.352695426,-2.634754615,1.305107422,0.411757849,0.019352298,0.169855003,-0.115236919,Human
-0.236874344,-0.388350396,0.242084595,0.337440158,0.281538246,-0.062096043,-0.338719314,0.156961781,-2.294248563,3.852500003,0.369115717,-0.035235399,-0.086052683,-0.100228485,Human
0.062808626,0.033323178,-0.165246042,-0.144085536,-0.193582856,-2.842354905,-3.427226596,5.664675569,-1.228273006,0.28783794,-0.002022124,-0.321446005,0.180469012,-0.37614622,Human
0.219166975,0.116318836,-0.332769155,-0.283612618,1.209633381,-2.144966754,-9.285308997,4.315089281,-2.092095922,2.853754455,-1.07166285,0.040342781,-0.164769891,0.001015479,Human
-0.212269072,-0.279806774,0.596029076,0.749927759,0.297603204,-0.117111319,-0.241663621,0.203770295,0.798917414,-0.415555034,-0.435561071,-0.381807819,0.276755758,-0.504623564,Human
-0.418357905,-0.491501624,0.95917744,1.551104684,0.25382272,-0.120350759,-0.607629554,0.463258709,-1.526322234,0.605724135,0.040087912,-0.400069936,0.205863906,-0.522036935,Human
-0.311951078,-0.430797432,0.240527124,0.347272679,-0.634430266,0.76280053,0.173759681,-0.075488433,-2.698700104,1.59067564,-0.361359101,-0.165237914,0.299857279,-0.213484604,Human
-0.338905407,-0.292073109,0.745388126,0.823736296,-0.800058766,-0.379304227,-0.194933697,0.343900775,-1.152054279,0.254527487,-0.216630937,-0.309506649,0.258084761,-0.385446016,Human
-0.541637035,-0.601629556,3.464226268,11.60634069,0.623595715,-0.1333,-2.040553803,0.441943283,-0.552056179,-0.013814789,0.396011965,-0.267137997,-0.282993824,-0.350813639,Human
-0.471383681,-0.548394465,1.35295065,2.380531891,-0.095090741,0.708057403,0.479475523,-0.550418545,0.497347884,0.028856421,-0.522618509,-0.121015465,0.137970738,0.078073991,Human
-0.322232324,-0.35353042,0.494484051,0.609657542,-1.55485629,-0.496585923,1.862762212,-1.222038001,-3.929713795,2.935414,-0.09439461,0.698232992,-0.427791257,1.307226325,Human
-0.384843917,-0.521353335,0.75855125,1.210003345,0.70054348,-1.037807626,0.049864293,0.229337006,-1.216754606,0.671814913,-0.29213023,-0.053979355,0.095546332,-0.189501041,Human
-0.445623788,-0.482640668,0.822014751,1.015570057,-0.886847127,0.091561089,0.900444825,-0.021769274,-1.624158384,0.633179645,0.271864727,-0.177165181,0.232487705,-0.259184739,Human
-0.200498835,-0.266978324,0.10839846,0.086704876,-0.720282929,-0.285787548,0.781056983,0.579065557,-0.623606879,-0.139766437,-0.068428011,-0.383396253,0.221401752,-0.486985706,Human
-0.41618323,-0.539871214,0.861140683,1.828307939,0.002240502,0.091986577,0.612953747,-0.190092435,0.405346905,-0.044719462,0.168639083,-0.395367277,0.182120565,-0.447637912,Human
-0.304647229,-0.418077192,0.436097751,0.615957232,-0.858886455,-0.899950943,0.910074011,1.139915736,-2.172932201,1.262502308,-0.086954055,-0.227182693,-0.057461031,-0.286929427,Human
-0.224846768,-0.330808289,0.19375541,0.322268236,0.233015027,0.193592656,-0.67380991,-0.016219671,-1.263497678,0.406319716,0.016789463,-0.258209228,0.073938753,-0.278055477,Human
-0.233286131,-0.271386651,0.363090282,0.406082859,0.498489343,0.090399684,-0.717125571,0.029012079,-0.878015759,0.016008097,0.294395233,-0.170406674,0.084314573,-0.307540137,Human
-0.461601275,-0.539463063,1.240271197,2.276837377,0.364952623,-0.327626868,-1.073042149,1.031311169,-2.754158243,1.482780372,0.119514489,-0.1218845,0.193970306,-0.093208963,Human
-0.481798941,-0.55406719,1.557944497,3.229533921,0.041074283,-0.059490747,0.202124681,0.155639594,-0.143894031,-0.124930673,-0.152656233,-0.388209388,0.170601781,-0.486207208,Human
0.538329033,0.392618557,-0.449232672,-0.340590893,0.894777029,-2.142444376,-1.206454166,1.986781533,1.154367427,-0.679606954,0.395190173,-0.049716372,-0.112041798,-0.132073045,Human
-0.150775578,-0.100827233,0.279919656,0.251143712,0.582379384,-0.782358024,-0.630978546,0.829969273,-3.478235334,1.611573523,-0.774176508,-0.346289868,0.218955436,-0.368910159,Human
-0.23974096,-0.39531657,0.317998305,0.469381692,-0.568828681,0.548748971,0.012178079,-0.511853813,-4.009461493,1.375918747,0.492672536,-0.340196796,-0.258753621,-0.457709657,Human
-0.201037796,-0.211118208,0.185195206,0.181227458,-0.776510819,-0.208881631,-0.06489133,-0.063409381,-0.438768574,-0.079720005,0.026737259,-0.387701996,0.153158185,-0.442037928,Human
0.040026713,0.074407045,-0.050296483,-0.094614645,-0.179869987,1.137844757,0.775474081,-1.208056624,-1.362184709,0.26600028,-0.51899035,-0.306180295,0.229977319,-0.377982105,Human
-0.408613598,-0.502819478,0.415765803,0.536701676,-1.971268155,-1.741915456,4.733034857,3.008784587,-0.433510433,-0.081676616,-0.201572303,-0.29532213,0.345372174,-0.387752513,Human
-0.406685381,-0.54561366,0.649233511,1.151089077,0.009668364,0.017608491,0.19984355,-0.203197726,-0.472005797,-0.044113644,-0.128811147,-0.443186441,0.225031186,-0.539148618,Human
-0.156254738,-0.211819038,0.035027419,0.004222503,0.299440638,1.06374325,-0.020933169,-0.632592577,-0.101222506,-0.055211133,0.243220072,-0.279116088,0.111551532,-0.308364828,Human
-0.377917217,-0.514571628,1.123548169,2.135253927,-0.694037949,0.729411354,0.560228807,-0.289366221,-0.158765063,0.635031095,-0.009333249,0.54769998,-0.965961033,0.429800727,AI
2.017268336,4.013076827,-0.597536395,-0.42892888,0.29413668,0.076384108,-1.349821284,0.41464706,-0.958636279,1.568189163,0.334780671,0.473101621,-1.163269392,0.361557521,AI
0.812237628,0.481598502,-0.441064243,-0.313742185,-0.003817769,0.80462747,0.546348754,-0.456300556,-0.54079524,0.868178992,0.832611662,0.9136709,-0.789246934,1.48258366,AI
0.465687303,0.173492009,-0.285745767,-0.242146257,0.142072847,-0.320363004,0.022937876,-0.108527797,-0.957226105,0.690636499,0.404265524,0.387302531,-0.165416379,0.414634897,AI
1.593761183,2.401793252,-0.529089409,-0.393399215,-0.111191273,0.453046351,-0.345004096,-0.231219937,-0.341891993,0.723136714,0.111878673,0.273599891,-0.183591324,0.191333975,AI
1.86433442,1.894227742,-0.624211666,-0.419735623,-0.021548956,0.441443318,-0.31768924,-0.137659586,-1.235083343,1.794885479,-0.401571648,0.461444371,-0.754764375,0.306792239,AI
1.439317925,1.070837898,-0.66513692,-0.438486018,0.362401187,-0.35253932,-0.257674168,0.128307802,-1.101069037,1.715090918,0.484089973,0.59838728,-1.575087851,0.338991791,AI
0.943004544,0.23206321,-0.654580082,-0.423006643,0.142025686,0.048541849,-0.600214832,0.578377955,-0.710864715,0.973023278,0.22120792,0.973259613,-1.428546521,0.866726968,AI
0.47401857,0.225152957,-0.281216641,-0.220958294,-0.013437422,0.527211693,-0.234279924,-0.320034716,-1.476849152,1.631317329,0.067503794,0.631308262,-1.140910406,0.481192318,AI
2.252002339,2.531446734,-0.662233096,-0.438514572,0.210711686,-0.273746418,-0.028148318,-0.058325502,-0.016539278,-0.005773807,0.350791165,0.564612891,-0.300732506,0.424247195,AI
1.959803195,1.780069495,-0.678365387,-0.442218409,-0.00021696,0.131963674,0.049436266,0.367896763,0.096849688,0.081544648,0.524520792,0.838004007,-2.163378554,0.675825165,AI
2.292385323,2.55420082,-0.704549923,-0.455235951,0.240012198,0.079034724,-0.574555585,-0.106072162,-0.64994472,0.962218815,0.177819575,1.207952027,-3.068411978,0.791936977,AI
1.359892868,1.063096817,-0.608794592,-0.414702924,-0.859771228,-0.072310955,0.491550492,0.501693767,-0.404040788,0.718164143,0.471976723,0.239730212,-0.909394516,0.036361297,AI
-0.183308305,0.021406169,0.326067481,0.224103357,-1.128449816,0.835206669,0.415704719,-0.370776302,-0.277224528,0.437708189,0.056793646,1.100817724,-1.555091476,1.041512434,AI
-0.112680931,0.267245583,0.326971322,0.223620919,0.190907782,1.315181036,0.733547036,-1.430541434,-0.301052332,0.91143647,-0.24692445,0.925323464,-1.858718519,1.132193679,AI
0.021226636,0.256939393,0.136533031,0.090186146,-2.207064745,-2.524597765,11.75438317,7.097053439,-0.354475642,0.701418637,0.546498909,0.857173886,-0.848265939,0.850412241,AI
0.078480594,0.300649375,0.030983608,-0.02779099,0.129807189,1.018939252,-0.123005312,-1.031012737,-0.97071669,1.763815442,-0.001165018,0.69903137,-1.664197078,0.43828146,AI
0.01006497,0.57164821,0.111830406,-0.006846933,0.162009238,0.176616718,-0.771080746,-0.130235396,-0.03878277,0.573091026,0.232262412,0.529737614,-0.814640864,0.407805519,AI
0.019942986,0.265200468,-0.022890304,-0.073879611,-0.538182854,0.710938255,-0.16521235,-0.625234118,-0.362427716,0.878022404,-0.792432031,1.328792905,-2.190897484,1.192295271,AI
-0.08313139,0.148141585,0.100653619,0.016592058,0.408180633,-0.920246057,-0.486705144,-0.592505169,0.1506426,0.519074722,0.407680045,0.45757458,-0.712931683,0.280525163,AI
-0.09989161,0.03481344,0.208144062,0.108610601,-1.613162023,-2.122630521,4.286245666,3.052396737,-0.833155219,1.50397922,-0.040231403,0.351002127,-0.168948146,0.161389242,AI
0.00342795,0.495099458,0.002426179,-0.085623212,0.316477506,0.565664935,-0.595047465,-0.607368933,-0.440479261,1.538291386,0.559787564,0.068648324,-0.409354785,-0.012771591,AI
-0.131909297,-0.071900036,0.092841803,0.038821221,0.1650471,0.062395679,0.064478807,-0.028760414,-0.205418191,0.987846928,0.324055823,0.584276821,-1.110717192,0.421853639,AI
0.340635649,0.575923634,-0.238559574,-0.224725668,0.561183048,0.118412661,-0.730965906,-0.31843104,0.101833139,0.620005978,-0.960106151,0.739969666,-1.051800021,0.783285087,AI
0.389793751,0.505793464,-0.347101623,-0.296432767,0.429615815,0.023205271,-0.127074894,-0.549358971,-0.079799647,0.727276212,0.117619397,0.747082614,-0.936325203,0.702237833,AI
0.425863742,0.605301104,-0.271062333,-0.260130836,-0.710318245,0.124543744,-0.07011906,-0.410753419,0.275096948,0.179086991,0.523589225,0.898538133,-0.142745336,0.992808305,AI
0.682326849,1.021048492,-0.440399134,-0.353087411,-1.636357901,-0.96639365,1.611816866,1.236481922,-0.865816899,1.648482278,0.257562213,0.685097036,-0.560376012,0.824134498,AI
0.585998089,1.357930396,-0.201793734,-0.223484484,0.163650742,0.040713808,0.069310353,-0.925533624,0.283675823,0.119852553,0.428349174,0.733701452,-0.886016039,0.723660177,AI
0,0.007091815,0.032350677,-0.035721841,-0.559011144,0.656924911,-0.020218372,-0.604757058,-0.23970593,0.809031701,0.510620786,0.981651223,-1.188036506,0.97353518,AI
0.699386633,1.536339106,-0.324085434,-0.30856293,0.162929367,-0.051539012,-0.008149117,-0.470522705,-0.360529323,0.74546156,0.249564157,0.938115801,-1.013694662,1.188729503,AI
0.127978852,0.099624566,-0.132354027,-0.130476471,0.366351429,0.96743829,-0.378803931,-1.098388855,-0.433082665,0.873424941,0.008564826,1.200868363,-2.107770967,1.151673229,AI
0.153793209,0.069627605,-0.244990463,-0.216183673,-1.21522365,-1.622507451,2.475799489,0.86023137,0.500663177,-0.054546562,0.485608284,0.456163856,-0.218768973,0.448261194,AI
0.275508562,0.285297938,-0.181958787,-0.181850615,-0.966848992,-3.349889613,1.368421915,10.82114329,-0.193716223,0.748356727,-0.022563422,0.686387414,-0.482130555,0.619476218,AI
0.877868485,0.920015004,-0.482299026,-0.356911276,-1.038602141,-0.465517286,0.725145219,0.476096241,0.44272357,-0.051735266,0.007315759,0.840652293,-1.118984598,0.962214575,AI
0.80969007,1.089774097,-0.442318379,-0.350037017,-1.470186356,-2.837852515,2.493668247,6.617804565,0.687960593,-0.29903632,0.42019101,0.218709628,-0.161531281,0.176811439,AI
0.456883666,0.623178433,-0.322083804,-0.281929736,0.253948241,-0.64193932,-0.158055944,0.911036673,0.63021182,-0.190599219,0.5048815,0.457436088,-0.802218348,0.395791255,AI
0.523554069,0.328959261,-0.426823269,-0.322962096,1.561435633,-2.823363063,-10.16929721,8.072763309,0.559917349,-0.187547751,0.453348892,0.533483259,-0.658759793,0.451453812,AI
0.153119292,0.144754363,-0.225957396,-0.209557028,0.729556899,-0.405518702,-0.237142241,-0.127215286,-0.088759851,0.46445628,0.23252095,0.846081292,-1.319923471,0.877373376,AI
0.678131257,0.851772355,-0.426959726,-0.346013889,-0.007807379,0.132706065,0.287704076,-0.054343591,0.120251515,0.243023391,0.165614606,0.666646499,-1.826291529,0.574521274,AI
0.555288473,0.643710199,-0.329860999,-0.281756933,-1.077784805,1.575256154,-0.67839406,-2.05135834,0.307354682,0.241161718,0.076600236,0.45873333,-1.122377501,0.58438262,AI
0.146771398,0.210818994,-0.107481465,-0.116868683,0.007727541,-0.926707785,0.213481463,1.185136106,0.469976046,0.110763368,-0.372009327,0.279504845,-0.336864457,0.19471891,AI
0.332001219,0.185559351,-0.278538493,-0.211280819,-0.832628744,0.518509617,0.548710221,-0.702676501,0.290953085,0.569731866,-0.000369751,0.329827422,-0.79664567,0.354952792,AI
1.367453889,1.540063307,-0.617389804,-0.426453599,0.392511255,0.488827737,-0.463879448,-0.0469804,0.288115984,-0.036354334,0.003723712,0.565874206,-0.763653196,0.821132543,AI
